"Rownames.Meanphenodata","Collector.Collection.Number","Longitude","Latitude","Altitude","Phenotypic.Group","Uncertainty","PC1","PC2","PC3","PC4","PC5","PC6","PC7","PC8","PC9","PC10","PC11","PC12"
1,"YAM_073",-74.34472,3.82612,3883,1,0.000215145765011249,2.23212245832235,0.684184133180585,-0.291007191814238,-0.623257894149631,-0.220789767039865,-0.00440279518997723,-0.454418656081101,0.113314290606585,0.147851648659819,0.190310003747273,-0.223940115784018,0.0014585397490015
3,"YAM_075",-74.34859,3.80665,3883,2,5.70263956456429e-06,-0.21673839732426,-0.182642675722604,-0.657921145412138,-0.0400949565877245,0.241346580889567,-0.235919124426145,-0.239863299712204,-0.0160065586829909,-0.0931086648087524,0.0481521278954821,-0.141944108523952,-0.0104283419956764
4,"YAM_076",-74.34895,3.80665,3884,2,0.00116123076675601,-0.0730920879267003,0.132633004532312,-0.16164918029537,-0.195214606973651,-0.194809718702565,-0.0918389222999452,-0.139369083472405,0.102893716857048,0.109841236038866,0.136875040339473,0.0337174507893542,0.146150171056512
5,"YAM_077",-74.34895,3.80665,3884,2,0.000737883996496658,-0.788637658441778,0.305256986607519,-0.0260950708073318,-0.198154115527794,-0.187116545664226,-0.131100676887549,-0.416704941556044,0.329423334500491,-0.0138129432008539,-0.166633934847578,-0.0905502756103165,0.0693824534236846
6,"YAM_078",-74.35671,3.81611,3774,4,0.0245612557432057,-1.17227636050225,1.5302399430558,-1.96298369201813,0.309522253313905,-0.853373613923087,-0.24876283447791,-0.315682028868533,0.269359804910519,0.252718497281682,-0.307174795051059,0.0880998696828564,0.0951454340845843
7,"YAM_079",-74.37349,3.82578,3461,3,1.62082811872022e-06,-1.11610334101773,0.684848886277223,0.75095052955035,-0.0961451618348877,0.148962226559849,0.127654470651322,-0.00922306969282856,0.0795802032578185,-0.0566284634000892,0.0336248651548701,0.0308961607722873,0.18255646504096
9,"YAM_081",-74.18656,4.24432,3532,2,0.000236450994205328,-0.262201015084828,0.153641863020186,-0.100345016153993,-0.436914891196302,-0.0238764885503299,-0.0742244714604901,-0.190552133572248,-0.157947207855436,0.152174857454273,0.0616191060353614,0.135363665094263,0.0753075387194276
16,"YAM_088",-74.17425,4.21738,3470,2,0.00139200448522547,-0.276230990991414,0.0417927090944312,0.0387852895899056,-0.846287120466442,0.354488072152459,-0.0425055219184145,0.103820091199759,-0.0640356838622606,0.0104922175014129,0.031991049381472,-0.0347750138093621,0.0753861328387255
18,"YAM_090",-74.17419,4.21742,3472,4,3.6587041134073e-05,-1.43132353645562,1.33363310281035,-0.978380132778889,-1.03985112763552,-0.301688017921864,-0.585579980794573,0.441226093796177,0.440966877581541,0.0178786342718885,-0.205257185184397,0.124044687351354,-0.106219613075552
19,"YAM_091",-74.17408,4.21745,3469,2,0.0137069388810733,-1.69682615865541,0.809031015497554,-0.633440598151779,-0.582674388462323,-0.276401322687234,-0.435403720904045,0.254132895420962,0.0716740305226622,-0.0640370866773979,-0.37533276917033,-0.0230955909155366,0.0244074406485936
27,"YAM_099",-74.17544,4.21974,3485,4,2.43983992288532e-05,-0.924387478088419,0.684757010154376,-0.93761679214424,-1.62631218116964,-0.107442534980978,-0.322825986623864,0.668849444240735,-0.173214086197717,-0.0401880615181443,0.225294007587378,0.161061173048893,-0.026958438699809
77,"YAM_146",-74.18771,4.24129,3515,2,1.90682651668439e-07,-0.787779655543868,-0.0488092310661564,-0.370624862956269,0.338456678327217,0.585426708179291,0.0107377552684021,-0.249082589877774,-0.391858104050655,0.306333414483712,0.238160998920176,-0.127867531613318,-0.162771509822379
83,"YAM_152",-74.18391,4.22064,3624,2,0.0031566310586687,-0.383717197396235,0.299285092253181,-0.404750872307265,-0.222954241033101,0.0262075674445355,0.28497672823589,0.194837985090589,0.106254420926624,0.177319315405737,-0.133663538485205,0.0109819033267663,0.07457273662188
87,"YAM_156",-74.1839,4.22054,3600,4,0.00390304682597464,-1.64614462016757,1.17279083193377,-0.55388243682305,-0.43315977422236,-0.216609615037322,-0.083336886103333,0.544088607287423,0.359678182742243,0.133346506152459,-0.342561451337413,-0.0567015575129957,0.0353159521109285
88,"YAM_157",-74.1839,4.22054,3600,4,0.114302448984533,-0.678721109675328,0.145989028618978,-0.346073513101819,-0.87574341942627,-0.250865699319093,-0.024155258570902,0.0485169044305219,-0.114183789370425,-0.429517082175826,0.160199145190337,-0.124821501340598,-0.0326720801327949
95,"YAM_164",-74.2008,4.22318,3796,2,7.54769706734493e-08,0.103368800033916,0.0118998118875994,-1.03954668612302,-0.156175091554852,-0.0572477956481621,0.431021142333279,0.111871178068484,-0.403724080667245,0.266690225138158,-0.172755742786997,0.155468361577293,0.0340511186260705
97,"YAM_166",-74.20095,4.22313,3784,2,1.62576935824887e-06,0.102693278044868,-0.609020313228677,-0.270240657467154,-0.12162338590864,0.0143645484197552,0.125975150527782,-0.0443532827611644,-0.118758158103035,0.202059168542914,0.193450564715979,-0.130863521345753,-0.0778887948807658
107,"YAM_176",-74.17615,4.21501,3508,4,0.15193970287887,-0.157469324140325,0.00879229275883949,0.327788468406341,-0.247469455290953,0.0718890695952805,0.164725496475351,-0.330638289121518,-0.197724219181786,-0.375565304658582,-0.0552414658844176,-0.236665938325783,-0.197085323421723
109,"YAM_178",-74.17615,4.21501,3508,2,0.000738009660820604,-0.518340137541768,-0.431028171358371,0.0279411614069861,-0.883830920593321,0.274837795890644,0.320311038521669,-0.0775805297583392,-0.208299325804704,0.00205152784646923,-0.0450644077703556,-0.0981730256847034,-0.0728661571188684
115,"YAM_181",-74.17569,4.21231,3519,4,0.00269942102253995,-1.66760152212597,0.656341255262841,0.0723292641010632,-0.386485894467809,-0.107774564882814,-0.107643539449275,0.437043843300141,0.247884456404065,-0.193260935947763,-0.216656117171166,-0.304819975426589,-0.178536767584504
118,"YAM_183",-74.17566,4.21224,3518,2,0.00559143125339689,0.314286515841274,0.333064997945303,-0.114103395858659,-0.00142718793944146,-0.0415584147741576,0.194382676688212,-0.0510652661014577,-0.0168976406096844,-0.11933711840692,-0.23003881819327,-0.0149710989005796,-0.275702775982252
119,"YAM_184",-74.17667,4.2061,3569,2,0.0162207080941003,-0.411124156297765,-0.0762474515626568,0.206988292772281,-0.763690928011394,0.137783018692974,0.000393522618703908,0.0240700206717869,0.0308721483006033,0.029529242783587,-0.274762059152323,-0.146705079483655,0.0578055940274385
121,"YAM_186",-74.17656,4.20625,3570,4,1.58573581534593e-05,-2.11407114145159,0.535845698139872,-0.287779011876002,-0.30317225914059,0.0755353136794691,-0.253176886517139,0.810764419519836,0.137463075105186,0.342467591842906,0.214240269944223,-0.341253412362781,0.0411103844994551
125,"YAM_190",-74.17967,4.20489,3633,2,1.70370758090232e-05,-0.233190283642881,0.375379739037491,-0.117387314500918,-0.36915274865988,0.0718161982431899,0.507772969268167,0.0267462467295861,-0.168126767101277,0.152745947552323,-0.0760593564736121,-0.0792883877477357,-0.0332900895803102
126,"YAM_191",-74.17967,4.20489,3634,2,3.80503146357736e-06,-0.597071151617326,0.531861675526116,-0.638633804355144,0.522413093635441,0.344107381100396,-0.147310253100788,-0.074835331536285,-0.245400991599679,0.154838094342704,-0.0140680302470157,0.233923974539346,0.0180169964868549
128,"YAM_193",-74.17967,4.20489,3636,2,0.203062102688811,-0.407903070613558,0.526454115661251,-0.129672854263258,0.234589258533719,0.29584678568415,-0.0975438829904466,-0.0925138114639863,0.428579136599113,0.17969351409749,-0.391553379411614,-0.0553005353475059,0.0319436786897524
130,"YAM_195",-74.17967,4.20489,3638,2,1.0991207943789e-13,-0.545020237743039,-0.206144430295949,-0.881469713287461,0.532492950940919,0.0552363831705947,0.357309864667792,0.0198883553326108,-0.51078767658221,0.219216393247746,-0.163643398078083,-0.105714830044055,-0.0187306554850481
132,"YAM_197",-74.17967,4.20489,3640,2,1.21255699703227e-07,-0.0658213438997319,-0.399424691121576,-0.854360407538737,-0.117979203609772,0.41217255798102,0.153086460713632,0.170413688577144,-0.0586340268729639,0.0880636224729347,-0.0138077545559004,0.0689422354406445,-0.0429853923432575
134,"YAM_199",-74.17967,4.20489,3642,2,0.00367512232172695,-0.35069210701981,-0.552446908924806,-1.04067680395558,0.698567511253835,0.360638308143998,0.3645837366695,0.061997767105041,0.473141395814615,-0.0628722183329068,0.183366087799302,0.0437294041152266,-0.0538847194645243
136,"YAM_201",-74.24821,4.21256,3686,5,5.73521460323079e-08,2.09903529121541,-0.585080922887894,0.312669800330226,0.49695053993569,-0.432981714073253,-0.023548800402842,0.107083732635938,0.0908864830769263,0.108558870784564,0.0353183458544361,0.196786462117908,-0.0327417959869339
139,"YAM_204",-74.2527,4.2078,3829,2,0.000464215806972645,-0.226981908635944,0.0688594885002418,0.175857947413154,0.271467765458747,-0.252135301325591,-0.00567174058283633,0.106581580099081,0.0681506539136126,-0.286676432806168,-0.0499444630396265,0.093288840083525,0.107198646170566
142,"YAM_207",-74.25862,4.20215,3865,2,4.63924454408016e-11,1.37004361873213,-0.385886348282131,-0.33448311505263,-0.0449550979717484,-0.441550972831767,0.0707378192864199,0.422112921476815,0.430291680510904,-0.0860089692941306,-0.447901523295609,-0.0379631237459989,-0.186474273997373
153,"YAM_218",-74.28663,4.2177,3568,2,0.0107308993798698,-1.04844654596719,0.308111382753216,0.153474752336894,-0.307446585283174,-0.229403860324331,0.151954124760019,0.0362165936854327,0.0467831438270705,-0.289744176632533,-0.10997834890391,-0.0049161772215667,0.204081641561888
155,"YAM_220",-74.28622,4.21838,3579,5,5.50861578574313e-11,1.57139950708178,-0.25120884217585,0.205127732713216,0.178655044120243,-0.44290773469755,-0.485842296640477,0.476781287076547,-0.173540238716531,0.142464111864194,0.0745792226545586,0.0245698963171865,0.0185636765675232
157,"YAM_222",-74.28622,4.21838,3579,2,0.00181687231771432,-0.624891632693915,0.481282364321069,-0.546964791135001,0.649054694103543,0.265718367665222,0.075217864682549,0.0215164285227884,-0.109295455574212,0.0207279095063165,-0.026637639179145,0.327100199076074,0.0572825923557639
173,"YAM_238",-74.25562,4.21633,3684,2,8.35429235819252e-05,-0.567189831489126,0.15024832719141,-0.081465927519473,0.0867011108831511,-0.276149443280076,0.0726645377537728,0.213502623601053,-0.344976825052226,-0.00597233021497119,0.205369504027594,0.0506790006494814,-0.258854013395372
181,"YAM_246",-74.26377,4.20047,3871,2,0.00334278690931689,-0.343713752582612,0.527215697925352,-0.499579874686731,0.11540554319001,-0.224532415447199,-0.116216338415679,-0.289126633278956,0.0567859759707623,-0.206325622937309,-0.263764187665557,0.134224500150404,-0.0292132458070581
182,"YAM_247",-74.26378,4.20004,3861,2,1.25012430661764e-05,-0.147708527873733,-0.0585747908606499,-0.584210275246138,-0.00739716166254664,-0.0190566879616353,0.161158360042032,-0.341260036835222,-0.112255669393166,0.240833352415154,-0.00904846463068657,0.0100900799532589,0.0363039275111356
186,"YAM_251",-74.26497,4.20034,3888,2,2.58836882827129e-06,-0.508095158196601,0.705675322109574,-0.710665518339213,1.0780797543395,-0.722688674004711,-0.138057330277825,-0.180139504618967,0.0558242268065751,0.125311336629432,-0.112899514697319,-0.0846024920994139,-0.105730389330566
188,"YAM_253",-74.27158,4.19747,3886,2,0.000356518038168385,-0.582949997039835,0.628103300704502,-0.340322035682716,0.824104474739839,0.0716808366642198,-0.237909678467919,-0.158040742688176,0.123170324888302,0.139812372007008,-0.152760100661923,-0.114215000835889,-0.159939228737602
190,"YAM_255",-74.27725,4.19965,3823,2,1.48704778408781e-05,-0.436319110580933,0.0275411091310526,-0.979596741423673,0.48311526736207,-0.209074471485444,0.344373510828031,-0.121472003550286,-0.161985972370654,0.0824166014490795,0.142986576832349,-0.180192505592802,0.00247719241147317
194,"YAM_259",-74.28397,4.20249,3715,5,8.57684367971956e-10,1.56567908875184,-0.37577913270719,0.0667694143293605,0.941928786796991,-0.168049523655005,-0.275238411332927,0.432868669109364,-0.249143211627217,0.0745019255999032,-0.0645142574060492,-0.052395176287503,-0.0941456409807127
195,"YAM_260",-74.28168,4.20643,3670,5,5.34198685286924e-10,1.7731608959276,-0.428859775552455,0.308817170724875,0.498743660805985,-0.509222743340952,-0.0783793900742539,0.35260722601407,-0.121602321676729,0.00462596065193826,0.27077705854202,0.0796646508465178,0.00430185298302417
198,"YAM_263",-74.29304,4.21882,3470,3,4.86815455867928e-05,-0.388706395285936,0.27454330916146,0.533896524761174,0.390399206294285,0.376869569827631,0.189388738702202,0.18107543955359,-0.0327737350653644,-0.236380610570011,-0.313216820899396,0.114618884803829,0.0377822763510771
222,"YAM_287",-74.26355,4.19561,3790,2,1.56432798792405e-06,-0.746945901198359,-0.226572504896873,-0.393529896988523,-0.149776608701005,0.360964258055069,-0.182090739767728,-0.0025516357308709,0.00573029222864954,0.197172819611641,-0.16929241036661,-0.17587568716778,-0.0500969509022207
223,"YAM_288",-74.26295,4.19551,3779,2,1.47726275656623e-12,0.326146650123742,-0.576768453173311,-0.599456339347871,0.0086642993014974,0.0391055230310074,-0.399127185249612,-0.0684893345376386,0.0906559266073711,0.205465374913701,-0.161854727570558,0.0224742631024946,0.0562537023034857
225,"YAM_290",-74.26645,4.21575,3612,2,1.15458087535103e-10,-0.658151120206004,-0.661975572289909,0.423696077469439,0.512349887154026,-0.239553362346013,0.136922759798134,0.0584629581825126,-0.363767786558009,0.0675241849333053,-0.0278306174169616,-0.0971524783515608,-0.267495085790359
227,"YAM_292",-74.23093,4.20561,3784,2,2.81225986942246e-08,-0.608515655832718,0.114713769446029,-0.00626539757795483,-0.637100137584888,0.747901102537066,0.00726041270607197,-0.423165812137683,-0.0864591832605759,0.0742984482995481,-0.0307147697578946,-0.00947174493707985,0.0103060755061872
229,"YAM_294",-74.23469,4.20434,3924,2,6.5950921630531e-06,-0.271732994479712,0.218883076885501,-0.994306125919208,0.327036910982539,0.414043808532453,-0.0474204106130904,-0.230472645648677,0.0133068104795079,0.0409973492512438,0.0321904329948448,0.00511697745300474,-0.130877196527545
230,"YAM_295",-74.23512,4.20227,3925,2,1.11799411439684e-06,-0.171826165407591,-0.401495653813067,-0.111285166687154,0.382753963027985,-0.445878123896048,0.230556861858249,-0.139306976241776,-0.11271452786668,0.161091022439262,-0.0402864447542104,-0.0972467242440953,-0.213352366479553
231,"YAM_296",-74.2355,4.20116,3931,2,1.96650079109517e-07,0.325339823761689,-0.396952658134473,-0.479711870391397,0.387563103435621,-0.63252632453347,0.436270335944533,0.0881859507309757,0.114634650090858,-0.0850565687873999,-0.205034607395842,0.16785627651453,-0.207754106069164
233,"YAM_298",-74.23619,4.19973,3902,2,5.85373971517811e-11,0.21637202659483,-0.712269482897081,-0.33081241978259,0.786541798300179,-0.0596868916755006,-0.134906173769878,0.293416616861043,0.517644412470724,-0.104922426395443,-0.0357054080917456,0.104285358917436,-0.151211564463011
238,"YAM_303",-74.23816,4.19772,3979,2,0.0701662239224596,1.33933033257873,-0.184772540492637,-0.383344250427257,-0.773409819230545,0.143557607994077,-0.000781883828268867,0.079366173274671,0.361705466474963,-0.267557158564235,-0.175352574287849,0.0362659386055183,0.0645217430467965
239,"YAM_304",-74.25113,4.19473,3755,2,0.0005421859532031,-0.306126741727815,-0.469626309447819,-0.278132678337917,-0.489742551341408,0.310632142448453,-0.2768005466424,0.0693445617435247,0.225393977147544,0.185076207016826,0.0941094802087419,-0.103526477372728,-0.0418543208418152
241,"YAM_306",-74.26306,4.18392,3688,2,1.75886042498297e-05,-0.587347411882511,-0.380140818079411,-0.716724224460877,-0.354023682057859,0.2546496928117,0.125870874154512,0.0539762939392974,-0.15467455559975,0.472638594478819,0.0952892408471947,0.127989182287508,0.00888679978471347
243,"YAM_308",-74.26581,4.18251,3675,2,1.96777541965343e-05,-0.713942228808686,0.0175562072190364,-0.818820163569024,0.413075621965681,-0.0389059292113921,-0.0929762901278102,-0.062714041358734,0.150550741402701,0.227382223168587,-0.0873754760274405,-0.0919780628955136,0.0454074865617834
245,"YAM_310",-74.27023,4.17782,3674,2,0.000579470067683108,-0.733778285164295,-0.512359831861876,-0.232179287254131,-0.466206161993623,-0.0265077634942368,-0.147928208801312,-0.0424902147934469,0.0962947611386469,-0.0248863491906753,-0.029895802660099,-0.121744551167839,-0.0560208617554249
247,"YAM_312",-74.27858,4.18143,3622,3,0.00061198876406976,0.0370231764313916,0.0377011830598072,0.512627902669071,0.309836226044037,-0.0848441883597483,-0.258102716527922,0.166248971084495,-0.179181725013478,0.103457144007504,-0.363212632758878,0.142717456331848,-0.0391502110911765
249,"YAM_314",-74.27807,4.18219,3641,3,0.000224493217058308,-0.690251518605622,0.212393555682695,0.706201068931547,-0.0780818491757523,-0.164181513727747,-0.761977925606683,-0.794151982537665,0.284839512237903,-0.265185863725907,0.196246788821145,-0.0168155576078185,0.0419166413476824
251,"YAM_316",-74.33895,3.8651,3657,2,3.0720030009812e-06,-1.4983068370673,-0.196496295949139,-0.804008000384802,-0.279812677146387,-1.16168370421965,-0.357901447203617,-0.182392192989494,-0.140614219000576,0.317392466024302,-0.152714414549688,-0.132991575236387,-0.0197194967978825
256,"YAM_321",-74.26249,4.18777,3733,2,9.68169144854869e-09,-0.330146913964852,-0.781152306302097,0.325253449701597,0.270921359072388,-0.831964092306727,0.198880249578814,-0.00134574324529058,-0.2118651141502,0.237224122419022,0.04412993976393,-0.0807930761581755,0.0886118615841531
258,"YAM_323",-74.26249,4.18777,3733,2,1.19717774756944e-05,-0.704006198335967,0.218702683084606,-0.374705081773832,0.39938838990366,0.20116113605022,-0.364204414661129,-0.217096351053976,0.0960505658487892,-0.168921075095626,-0.131050404758451,0.0228979248128798,-0.0276230581399604
260,"YAM_325",-74.26916,4.19048,3788,2,1.18565890039335e-06,0.515840364538307,-0.289742726295524,-0.430306870249532,0.799612057109056,0.197783698530487,0.0405357334662963,-0.0674091478565514,0.202111786361076,-0.026376775541557,0.0252176794586682,0.163252886680031,0.0385305086170652
263,"YAM_328",-74.26916,4.19048,3788,2,1.02124580170226e-06,-0.262223457333788,-0.000261707530396189,-0.663681585753536,0.123133498338714,-0.0125144051086148,0.0358884370205682,-0.00733763286428998,0.028172674890206,0.202418226499104,-0.292059042141496,-0.263418453771596,-0.0448252893724511
266,"YAM_331",-74.27805,4.19028,3806,5,7.20684839583541e-08,1.36584008340862,0.265756401134939,-0.258118400150476,0.1526179272663,0.393711125764668,-0.591744052648559,0.0940181513552326,0.0261079381012263,-0.0918528103156977,0.0319488035411621,-0.11424521662014,0.00109223376164924
272,"YAM_337",-74.2765,4.18922,3833,2,0.00445746147824921,-0.653011166375195,0.326243285276136,-0.639503391149364,-0.133667185003411,-0.185708500237286,0.149361858997087,-0.0609761896805392,0.173231494831025,-0.125594834599364,-0.353559286275476,0.0552907676722442,-0.00224644772765545
273,"YAM_338",-74.43085,3.8214,3899,3,1.28980924368749e-05,-0.174759207896016,1.00102314604945,0.217841139839258,0.487337813364319,-0.761038471308,0.232616260568021,-0.234868955891632,0.0574146942055821,0.192069719570807,-0.0694836559967637,0.187078051264938,-0.00437534205439481
286,"YAM_351",-74.44579,3.83695,3598,3,1.17743933295555e-05,-0.716873730775145,0.28424847342456,0.897231092097896,0.331005844138362,-0.422878253078398,0.279108473077732,-0.298868806574834,-0.213578075468381,0.0791487202437122,-0.0522791130032302,-0.0463636672143247,-0.142965081544775
288,"YAM_353",-74.44,3.83,3675,3,6.12706364910842e-06,-0.0996566477839437,0.451669452573238,0.828892719167487,-0.109960771599592,-0.811409855298405,0.465306130189527,-0.113672392635489,-0.025818959067559,0.153822447471695,-0.218443138927459,0.0524483538061023,0.146972921517233
290,"YAM_355",-74.42495,3.82546,3796,2,4.13236558202135e-05,0.707358917350995,-1.54366290045621,0.0195412390779617,0.295542733882055,-0.312539372895672,0.527359822554444,-0.214019664822326,0.33775716318695,-0.293052942371142,-0.217381749917883,-0.151474911335512,0.170541811877207
291,"YAM_356",-74.44601,3.83092,3686,3,7.05033117909259e-06,-0.220759685055867,0.764900379154569,0.5840231409636,0.128426138602195,-0.628806524467689,0.468565943984213,-0.0477751974728282,0.113706842392285,0.143843415872689,0.0727579892067526,-0.0836980214618046,0.0160708461439362
299,"YAM_364",-74.29517,4.21261,3486,2,1.31118360613414e-09,-0.35002757180603,-0.491391320574726,0.323431543934044,0.478620397663559,-0.275379464985557,0.382045263399007,0.420497203271815,-0.269675098839601,0.257255663859211,0.0481520789358121,-0.115111070482602,0.0934224251639955
313,"YAM_378",-74.33472,3.83389,3856,3,7.07564099844404e-05,0.09606382724306,0.819271149022816,0.135140296422847,0.319996486743286,0.0480638294221275,0.193790426007856,-0.309536112697708,0.0275833505119008,-0.0339421742186674,-0.0611519781204329,-0.279527537137568,0.053462963733488
317,"YAM_382",-74.33264,3.8255,3928,5,1.88174518189754e-08,2.84744794709721,-0.153630878244377,0.0974084909852374,-0.384977882770938,-0.79287705627261,0.0196313886515137,0.276764262342107,0.340627454173268,0.216921843346128,0.01111974461915,0.144416344540349,0.0577071845518309
318,"YAM_383",-74.33249,3.825,3942,1,5.74779952742244e-05,1.75102024080767,0.74726181932421,-0.234017836704561,-0.540976733221265,0.350167933032493,0.213482142683902,-0.136399117107892,0.109971037212135,0.117984442205221,0.137973528663044,-0.127316004801343,0.0270783187714569
322,"YAM_387",-74.33266,3.8247,3939,5,0.00105715627504566,1.24186798202096,0.152115953160811,0.401642118384737,-0.448304505094578,-0.149802310456696,0.140864632713896,-0.46286711959807,0.231527151797827,0.164587206765103,-0.579243380727945,-0.0215534466011858,0.0470004513294402
323,"YAM_388",-74.33282,3.82573,3926,2,1.12019897402504e-05,-0.324959482098988,-0.216879900668829,0.171121276001279,0.284280310767921,-0.717633173387586,0.133684641122897,-0.0269407098106299,-0.0897104002884943,-0.132328897365808,-0.0350911816135649,-0.0609669291767844,0.0923419845217389
324,"YAM_389",-74.33289,3.82572,3929,5,0.000808209992928632,1.07358763128061,0.327146372129191,0.138560943611151,-0.171548463513012,0.0341844915141278,-0.0689314500939606,-0.301212190139991,0.257900098726793,-0.269060604991848,0.0299269307713905,0.348825061517726,0.139502011080406
329,"YAM_394",-74.2897,4.2025,3666,2,0.000246821917082363,-0.887307083775376,0.187728772777174,-0.0529165553723009,0.559831137207361,-0.358093810456149,0.0927478625211359,0.152693857860606,-0.146307372615066,-0.0103448529259642,0.225732998822873,-0.1763288574195,-0.0431954778660412
331,"YAM_396",-74.28972,4.20028,3647,2,1.41962335442614e-07,-0.538462520955662,0.202356020161523,-0.0024694855944588,0.168031982880496,-0.565138330795539,0.30083714677684,0.23413715542272,-0.402332147859956,0.14013649852913,0.0616313530407183,-0.0860580413462104,-0.0664002442180427
340,"YAM_405",-74.2936,4.19889,3610,3,4.1864813454473e-05,-0.277348118513717,0.0503888916425523,0.734359441322623,-0.118511840908055,0.427835088433704,-0.0252352411885253,0.234438352532905,-0.107613160688134,-0.0602965799085784,-0.0433616830006758,0.274968273117288,0.171949570359953
345,"YAM_410",-74.22016,4.28363,3889,5,1.95540928710214e-05,1.59531047172183,-0.174814140656405,0.0677466154976977,0.158634072995166,0.0818656445012613,-0.236350188885365,-0.249848448597633,-0.482280800948916,-0.14571715675855,-0.269569339289849,-0.206407155613229,-0.134633779222433
346,"YAM_411",-74.28843,4.21239,3578,2,5.78933478934118e-09,-1.22751894612002,-0.475608898975535,0.326984020390663,-0.169565515112991,-0.0157171755988979,-0.043691558889208,0.375768721935811,-0.457657579133088,0.354752847254816,0.0929971041364572,-0.196109614245034,0.0363980315710558
347,"YAM_412",-74.29556,4.2043,3551,2,4.13871949489497e-06,-1.24053723162024,-1.132546520422,0.0897295457334989,-0.259148904376874,-0.802441077845182,-0.336185386597803,-0.329207522734538,-0.136662190923248,0.211062620523165,-0.0703423076610556,-0.156870838384399,0.117808135548062
348,"YAM_413",-74.29967,4.20053,3538,3,0.000757005695245727,-0.453700119796442,-0.278564955624314,0.984427212440538,0.16228227440494,0.2904219497473,-0.039525648836262,0.137668503375593,-0.370576016852564,0.142830722190686,-0.0152507723937329,-0.060037350616122,0.0927897833643719
349,"YAM_414",-74.29276,4.21783,3527,3,0.000634553600559085,-0.369208143320588,-0.3507525563703,1.03116340205053,-0.0726483384307852,0.265155322051428,-0.132712650748205,0.127396881863556,-0.268905235695211,0.0175667095032873,-0.113649483337816,-0.0313923656362219,-0.0873950700468402
350,"YAM_415",-74.2907,4.20966,3587,5,8.56686819301622e-05,1.78638474311874,-0.0570511497812596,0.00928333431404459,-0.300666564331055,0.322813361023702,-0.306172734979762,0.186429497456465,-0.222255885353731,-0.0809245759727724,0.0245170333257406,0.0143362451104929,-0.0411640125709164
351,"YAM_416",-74.29082,4.20229,3641,2,0.000337644133101112,-0.513358944789397,0.834321567850258,-0.477385495221501,0.0936263849630604,-0.360146181759016,0.302166033031203,0.091921689289238,-0.233280393605371,-0.0173345849671204,-0.115726506151869,-0.0213353463858592,0.0471650567384597
352,"YAM_417",-74.28983,4.20037,3647,2,1.44995127016045e-13,1.3280196883086,-0.563472680037006,-0.382507066429623,-0.0383038779517711,-0.0301217644397134,-0.266337700723042,0.0459120015644355,-0.145200681793303,0.0160714569536382,0.0214098523302571,-0.121277538173202,0.0772662645394981
353,"YAM_418",-74.28981,4.20039,3647,3,0.000692107343986059,0.0364514672437368,0.218725976114693,0.390329395674925,0.244745752455614,0.307236939251312,-0.115351710369341,0.308253170111082,-0.034523460423534,-0.103202350665063,-0.0543459193011925,0.120466150099311,0.0360157731888438
355,"YAM_420",-74.22052,4.28332,3893,2,8.44714698633453e-07,-0.334499288920209,-0.653040589415312,-0.894369526463431,0.20356904630449,0.321184021357252,0.284828297616848,0.0968565641806947,0.132898227536866,0.00235244069601409,-0.0590723266007269,-0.0652633677687715,-0.0688546036267528
403,"YAM_468",-74.18947,4.2928,3828,3,0.00195842838322979,0.467998700744074,0.726745194071547,0.000583895157279801,0.692292711597284,-0.942904110656785,-0.134699880019606,-0.0698632053033482,0.0872397307780177,0.0223722671890567,-0.172025804429162,-0.0100707025182232,-0.130167835763505
422,"YAM_487",-74.20275,4.2764,3820,3,0.000568714736157272,-0.12164607987032,0.641005418688578,0.465775294491326,-0.0449359576761858,-0.885302545578111,-0.153438657606688,0.0375620725453649,0.0561562710611107,-0.0700474652976137,-0.065015348639296,-0.0275105997891711,-0.209139278671322
432,"YAM_497",-74.18807,4.29283,3828,3,0.000610052600846123,-0.496922584057096,0.899620018348154,0.116625243825085,0.494044883010997,-0.155029191894073,-0.200516549100466,-0.400942023769144,-0.091657601406975,-0.209522044076859,-0.0858843840257944,-0.14364868807003,-0.0116760308060727
441,"YAM_506",-74.25333,4.03777,4007,1,7.78008174727729e-05,1.36408587467161,0.839979130651155,-0.228619047554262,0.0385546423436916,0.29718519760579,0.434328438082055,-0.246948039908564,-0.0747142424396926,0.333833163323165,0.241717307376655,-0.0468256522200603,-0.0349353952034477
446,"YAM_511",-74.25472,4.05361,4102,2,3.89483614648967e-06,-0.517604747882771,0.0578817641208563,-0.137280626187308,-0.161100758554872,-0.0772566834968138,-0.414538697436013,-0.200523108948559,-0.132701452477581,0.193305649447309,-0.258553412299559,0.132027262262886,0.0200736810939522
454,"YAM_519",-74.2661,4.04139,3919,3,3.44415040871571e-05,-0.33535343129404,0.625013031254159,0.307818730560901,0.0315086889720072,0.114883420185615,-0.407410373088978,-0.368136821479502,0.165916558622986,-0.0576975057150027,-0.0431735113210242,-0.196399268184241,0.02070128433694
456,"YAM_521",-74.2661,4.04139,3919,3,0.000449085189846987,0.591737397376434,1.04410561099228,-0.139754008221408,0.0375664395152669,0.114288953483382,0.34088393520912,0.196408968946797,0.128777296353472,-0.156776226776142,-0.230689218485453,-0.0941275421626496,-0.0214504132515888
460,"YAM_525",-74.2661,4.04139,3919,2,0.000690008528268615,-0.682060034842044,0.179437833395344,-0.60470716185518,0.0772617046837368,-0.0459796563321924,0.0635869954469065,-0.421252042764273,0.166181542450854,-0.179125577498488,-0.0584984329687046,-0.0232497706156496,0.0475473090336258
470,"YAM_535",-74.33651,3.82129,4028,1,0.000139440137452596,1.32934446555745,0.913404338745296,-0.254713890912392,0.0707568865686727,0.124256641823211,0.491858227575592,-0.44677035917235,-0.133820068945141,0.0441941888624021,0.100240116517386,-0.073415466331779,0.118129041968791
473,"YAM_538",-74.33637,3.81388,4053,5,0.00725610228486551,1.04483299337697,0.344108280059039,0.399994550005063,-0.131798765691056,-0.904239855394252,-0.0532587704060083,-0.348805521584613,0.401493146934997,0.217649383712954,0.486090955218616,0.110607776105905,-0.0264675339361461
479,"YAM_544",-74.33802,3.81046,4014,2,0.0248459289954621,-0.620739985302392,-0.465550434610371,-0.684523234257741,0.17629053936276,0.347226300038707,0.0781112023441197,-0.519515052282512,0.0215349343207185,-0.224567460350912,0.0506669144090847,-0.201111989260749,-0.225860885686515
480,"YAM_545",-74.33807,3.8107,4012,2,2.54154053358491e-09,-0.508692539720799,-0.685883875703925,-0.727788299585885,0.981393170428441,-0.702720015851434,0.260446815964182,0.108853693597233,0.150749327542246,-0.30137163990056,0.0240866704246819,0.297402180581998,0.10422647273604
481,"YAM_546",-74.33762,3.81122,4009,5,1.06695438250037e-05,1.27817006827474,-0.00341887503758748,0.466485362658075,-0.417726026460406,-0.912388820699198,-0.353332094642747,0.000762721214600331,0.199259044963622,-0.158135789359526,0.100154753391287,0.165644445770548,0.120708743594117
484,"YAM_549",-74.3309,3.81376,3921,2,0.00072249478878772,-0.317411511889698,-0.616309199546476,-0.0261574576781305,-0.0412896053524004,-0.114502468799159,0.301753143203159,-0.242465362043019,0.16724533164825,-0.0145837350367885,0.205849847945113,-0.182092862563107,-0.0702441416069605
485,"YAM_550",-74.33501,3.80389,3894,2,0.000155079037559513,-0.506075009206251,-0.0220646348004842,0.108943579993012,-0.137216079864322,-0.0120966223669306,0.169025026263424,-0.315385703985359,-0.112640355307427,0.016864484331302,-0.0053428925372405,-0.0340621759212235,-0.00506854356114841
496,"YAM_561",-74.1694,4.29393,3698,2,0.000253024254853518,-0.581090124965057,0.822063914949651,-0.493267999748261,0.214063547661443,-0.301274861348277,0.202824121132905,-0.0721004648585855,0.141872089151842,-0.279679361322542,0.124785403954531,0.0740279411209605,0.0884222259490572
536,"YAM_601",-74.43896,3.81417,3877,1,0.00671653391405913,2.14228494906341,0.470936703677273,-0.269209441108192,-0.437304301597838,0.216646253266821,0.0180630825307033,-0.0940878401494481,-0.00296466581532569,0.224248569538391,-0.00293836791461239,0.0504059824004137,0.102530031595019
537,"YAM_602",-74.43896,3.81417,3877,2,8.48917393159176e-07,-0.210803392766287,-0.883902098179671,-0.636382250519465,-0.56150368188971,0.0542907356496884,-0.0646420858237175,0.112103605948797,0.0266632493748588,-0.00818468146655416,0.0455322803870679,0.0516857403003878,-0.0500292659537399
538,"YAM_603",NA,NA,NA,3,6.8857798121158e-06,-0.496602671479471,0.622751243493085,0.501649820752123,0.0764456707505538,0.394216366846824,0.302114800140382,-0.0196931869606221,-0.034508672795918,-0.1171994980648,-0.18156040936209,-0.115403113559885,0.123296589337764
541,"YAM_606",-74.43896,3.81417,3877,3,9.31769889500611e-06,-0.393811212822224,1.15304917853842,0.252274091939528,-0.339623995342399,0.127571542631346,0.251485769018761,-0.0868287227760606,0.0782885081863105,-0.103673048694653,-0.20685599155554,-0.0391452097724612,0.123944945931096
544,"YAM_609",-74.43893,3.81386,3890,3,1.75007659528603e-05,-0.254056070353057,0.893603094534157,0.284713562836795,0.118577063602684,0.0167228857721401,0.292075729674822,-0.118704539434111,0.0331280110459782,-0.0520635810783575,-0.0135284192222973,-0.0334847978925988,-0.100292712810395
548,"YAM_613",-74.44473,3.80779,3932,3,2.74729747129498e-06,-0.416725874715761,0.472132479886177,0.555699415447365,0.272762824902033,0.251926419377296,0.283558689057543,-0.267601655075406,0.195895062151256,-0.0461849659781077,-0.20352442337737,-0.0128244682886943,-0.053017932821269
550,"YAM_615",-74.43558,3.80551,3798,3,8.33672231248528e-09,-0.680053299958676,0.623461127555225,0.92173912026301,-0.198890467742741,0.0531759750833066,0.783176513931685,-0.260444461580809,0.110598761196885,0.227206463925756,-0.0924334076007402,-0.021174674430593,0.10468131761448
554,"YAM_619",-74.43333,3.80618,3760,4,0.00287045126078378,-1.57755488415734,-0.549528409784243,0.98293176117168,-0.53823434256382,-1.15951330272215,-0.585966392554734,-0.470677860853619,-0.102498977666255,-0.043320673386083,0.104103378690313,-0.0510201253526171,-0.0164686533702239
555,"YAM_620",-74.4324,3.80617,3761,4,2.80464540480807e-12,-0.900189063905486,0.714633784813657,0.445137708352134,0.260032051455248,-1.40872020420535,-1.23935542104457,-0.653335489573924,0.172104819426846,0.134171535764271,0.722758444365527,-0.0139677928746804,-0.116177636926767
568,"YAM_633",-74.33527,3.80347,3885,3,4.95087314733578e-06,-0.664713111157235,0.840315655475772,0.406314423210642,0.124087465571224,0.23858085968336,0.116564317089187,-0.326277472962253,0.0637817601064902,0.212128376843897,-0.0376779166592403,0.065427278488103,0.0809143631867081
573,"YAM_638",-74.20455,4.29948,3691,3,0.00015261937400679,-0.322369249987583,0.504783311494739,0.458117856979884,0.623831690070769,-0.645359315067911,-0.0118239181051308,0.141537813460518,-0.0361332598267,-0.0794453221426556,0.0518057138198739,-0.0613547709584349,-0.0323411047449964
579,"YAM_644",-74.21166,4.30695,3786,3,0.000213237552726175,-0.245636928643473,0.430837737757211,0.553847681768564,0.382307299641238,-0.640835871973239,0.0389681293470035,-0.12691930628168,-0.0813550041049971,-0.0795905775716242,0.0564070058376451,0.0103062871963002,-0.152188482238264
581,"YAM_646",-74.21278,4.30556,3819,2,0.000826097584270102,-0.832534906953535,0.980758924817812,-0.87924362354586,0.767690604275555,0.304573395305865,-0.0231887724710665,-0.0350472474244344,0.0330358406842437,-0.017502394386451,-0.0936588232876875,0.0905032866234783,-0.107578540703802
585,"YAM_650",-74.20124,4.29905,3731,4,0.484436248394934,-0.643520320682372,-0.374061118716356,0.0830013862162334,-0.358269644627716,-0.845484897363089,0.26866884223998,-0.134035094330278,-0.0932261324235767,-0.198879918271138,0.153067944380368,-0.0796165062418184,-0.26354774000617
630,"YAM_685",-74.20612,4.29743,3703,5,2.40785191785164e-09,1.86533093060078,-0.334618570643327,0.230188858190948,0.354272357290749,-0.559908472239017,-0.095309152273938,0.346174501169142,-0.2100347093778,0.0566931389366295,-0.00229107862036487,0.0251022756995247,-0.156673075762712
631,"YAM_686",-74.21169,4.30698,3787,3,0.000844721728330944,0.110494345581417,0.783869575641454,0.230546150400431,0.362318629158795,-0.929051617062046,0.182313025914403,0.235714048085188,-0.203217890092207,-0.257587597715105,-0.175240653255,0.0882745660449054,-0.108915265294533
635,"YAM_690",-74.21279,4.30555,3824,3,0.000537146571796154,-0.274773664595744,0.808340753274961,0.0873255989421979,0.892465380561448,-0.676503766077005,-0.0659804707800412,0.0167700444973945,-0.203050026163449,-0.124014554627285,-0.296722815808741,-0.0380952653223186,-0.28681400108398
639,"YAM_694",-74.25621,4.02309,3962,5,1.82894008449175e-05,1.88871547994508,0.416128726997409,0.138137323739656,-0.228594390344932,-0.653375984303409,0.518530735978835,0.390273812029539,0.0224653827379106,0.228966046131627,0.203129496726752,-0.14314911764931,-0.231029896099714
651,"YAM_706",-74.26537,4.05128,3830,2,1.20358037603019e-06,0.365338038699717,-0.717098904198989,0.186494927451562,0.458827656974164,-0.408966893039447,0.134587997406726,0.0863899828112192,0.357851376224878,0.0268075317783054,-0.171857089932511,0.0353712168743772,0.020814259444135
652,"YAM_707",-74.26537,4.05128,3830,2,4.84458039018421e-07,0.376133075588098,-0.245685069401863,-0.720700167229349,0.372260195351776,-0.12298528721231,0.243340011114186,0.192947802222971,-0.0245944018903726,0.0999652917580433,0.115113890684789,0.0535190725589307,0.145704701593829
654,"YAM_709",-74.26395,4.04746,3784,3,1.33608374079941e-05,0.0729310857281428,0.429474417463844,0.501214588633573,-0.163373575493246,0.181121529263045,0.159826144995298,0.0464290123431014,0.371680842041688,-0.168861194730493,-0.248049248409215,-0.158824951858776,-0.0605135830713576
658,"YAM_713",-74.26224,4.04584,3837,3,4.21847738008019e-06,-0.491282618873223,0.573757246409582,0.603113556088723,-0.0498752598433586,0.0526407437359825,0.131212735913069,-0.0883806051552815,0.105879462959526,-0.113818294375828,0.174132958782505,-0.0818180035560575,-0.0118028725729082
662,"YAM_717",-74.24887,4.01888,4029,5,1.53763526911099e-07,1.92821893487357,0.326847345497759,0.0316615826473198,0.17406878011164,-0.832971839104496,0.368338284645227,0.315995540106439,-0.235963496555958,0.235545732936607,0.141599941388338,-0.0545014327679988,-0.145475052602892
664,"YAM_719",-74.25001,4.02304,4022,2,1.03494990355557e-12,-0.314197234293415,-0.726976213084026,-0.496788070937795,0.346188175030466,-0.94400442135694,-0.304605671324606,-0.0589031507266491,0.0121988463321165,0.338991739509002,0.0589879025467615,-0.122564020763604,-0.0361370078503346
666,"YAM_721",-74.25001,4.02304,4022,2,7.76370165045392e-07,-0.495494100920217,-0.421995798151548,-0.506192351108225,0.32903114362749,-0.0129020797064541,-0.440791462632902,-0.109142261573062,0.154078127199552,-0.205644684437846,0.121184102722775,0.178606557752121,0.0869066090464278
667,"YAM_722",-74.25001,4.02304,4022,5,0.000267298542110717,0.929263355068012,0.368024509462573,0.248521617129431,0.0969337238224161,-1.02586365836425,-0.376275199622082,-0.23577592815613,0.263380916705729,-0.104224824813294,0.336394675847667,-0.109867647326296,0.0265926263932905
669,"YAM_724",-74.26147,4.04752,3706,3,1.0720927090313e-05,-0.648785500716156,-0.0555463319119371,1.12531343967908,0.319247295906343,-0.290467007961119,0.277501151539198,0.126498859172266,0.0743861484241642,0.0863297982552966,0.288927162556396,-0.0539191355365469,-0.0621037107774319
671,"YAM_726",-74.26147,4.04752,3706,3,5.7550740861112e-05,-1.14487422562668,0.259902557406777,0.958947753233706,0.242430042225315,-0.468687310308855,-0.126067067846071,0.517853081035039,0.0273396369862652,0.0073957696626271,-0.271145239090524,-0.0594563412339043,-0.181618046066872
676,"YAM_731",-74.25533,4.02,3993,2,0.00062200368870402,-0.300986279296002,-0.174853002838061,-0.588100570190725,-0.153386028014728,0.492151695013091,-0.196083459218981,-0.0104168938981521,0.342194676335624,0.135325497425147,0.164996815335807,0.0816421231563282,0.00283901332613051
679,"YAM_734",-74.26002,4.02521,4039,2,0.0043979716694843,-0.714004604516742,0.220329576819605,-0.656368963256163,0.193313348115969,-0.0268369824700133,-0.0117916437395586,-0.096290166559063,0.480180115592621,-0.0222068304764868,0.0955491488935046,0.189137721924879,0.0382070109802814
682,"YAM_737",-74.26045,4.03239,4147,2,0.00327645091192497,-0.543306008151101,-0.0291909716807361,-0.569327127030734,-0.0573772149057397,-0.224765269094074,-0.319446650937249,-0.493659397559408,0.0995263844383085,-0.0250742372527995,0.00737779609130326,0.0892964208676411,-0.00951331273539392
683,"YAM_738",-74.26052,4.03251,4140,2,2.15662591829258e-05,-0.393919667965316,0.05538696405148,-0.840684410715578,0.41170261055347,0.0567134910243735,-0.226648055357446,-0.123260125758726,0.118588498505741,-0.118642005096304,0.131602360327937,0.011541890326089,-0.0174018034919652
687,"YAM_742",-74.25782,4.03638,3910,2,0.00115092891047486,-0.621466688255011,-0.324710885000954,-0.390198897125104,0.190462042147224,0.0575399003208752,-0.201997511695077,-0.191420554110624,0.330712880425552,-0.11682921420235,0.10306731312968,-0.0179850230522081,0.0362322051553192
689,"YAM_744",-74.26726,4.04054,3964,2,3.1242998033143e-07,0.357510923182291,-0.979670276078161,-0.0361205855102675,0.126615760697461,-0.492376905915673,0.386869841930156,0.0569468506173957,0.112934432956195,-0.138044581280371,-0.0867681611141159,0.0877906949508036,-0.0364712533469018
690,"YAM_745",-74.26712,4.04022,3972,2,0.00064807596412797,0.278624102257241,-0.916052554685707,-0.0448337226745166,-0.0906600951262292,-0.425338044095645,0.17934086884179,0.0458858053108531,0.273136700288989,-0.153597663414356,0.0838135468304596,0.216898482094545,0.0921979184262769
691,"YAM_746",-74.27055,4.0383,3898,3,0.000124444965397541,-0.310422655662842,0.499670606179935,0.370141941076657,0.414304998530896,0.20054776086797,-0.0808534756918189,-0.086712826054319,0.42814983330559,-0.0202667445181406,-0.124710657914391,-0.064180982314411,-0.0281871801907172
693,"YAM_748",-74.27055,4.0383,3898,2,0.00131483965558732,-0.262307286192921,0.750871964232716,-0.697073084028677,0.307547616351101,0.0557360719217372,0.137553153709346,-0.34510085872517,-0.0597767612156917,-0.179937296681662,-0.0179752310352834,0.00474864224117572,-0.0805559640812001
694,"YAM_749",-74.27055,4.0383,3898,2,0.0110589220154883,-0.593500000128341,0.573273402273164,-0.0453494145400814,-0.162861997216621,0.1446624830676,-0.252916667382264,-0.214299939351887,0.174465695302909,0.0530049073519833,-0.128679011998612,0.0828613061142461,-0.150264520673353
695,"YAM_750",-74.27055,4.0383,3898,3,2.86576851464826e-05,-0.394829868733435,0.343242558060063,0.570297275816516,-0.219539539596652,0.728853426129264,-0.00930693003017362,-0.0359084210763903,-0.0456703340895544,-0.0229753239376335,-0.00346967991943684,-0.0944561713659238,-0.136644347421273
696,"YAM_751",-74.42695,3.82963,3907,2,0.00091096473465424,0.437167935614807,-1.19022799490539,0.407654311405577,-0.105723443749415,-0.455778930544449,0.433904682048365,0.0905109788564001,0.235908226227464,-0.310656544567663,0.0615598025454849,0.260021307578794,0.034349157747212
698,"YAM_753",-74.42668,3.82555,3876,3,1.21289514765088e-07,-0.922771198725462,0.744292850032666,0.650214449902311,0.555715250100793,0.00358398481879065,0.628546079509677,-0.225779022843577,-0.0626604464092486,-0.151576693725047,0.286649846032003,-0.265215621165309,-0.028336751476334
700,"YAM_755",-74.4239,3.82834,3771,3,0.000737706955760475,-0.467422015529972,0.532877665236772,0.746715483234919,-0.324861687174535,0.0479226725382383,0.216388114431655,-0.169179884506011,0.0151931932948099,0.00054393065982428,0.0177467789280073,-0.193092168981824,0.0575963508065089
702,"YAM_757",-74.42168,3.82916,3719,3,2.40468846568476e-06,-1.33681785107206,0.832594503506823,0.730481713200932,-0.0675308164133981,0.166790510340744,0.220951386690394,-0.0553568450061019,-0.0736083100870323,-0.114882818642361,0.0468497314721562,0.047159372199233,0.185471412882788
706,"YAM_761",-74.41805,3.82026,3630,3,3.34205900709428e-06,-1.51700304346062,0.597728682909575,0.807347932142027,0.327974191865362,0.307511575509648,0.0473892883639128,-0.10453603503351,0.128032139952809,-0.0320858823562963,0.174431977907092,-0.0217776337655638,0.236281032198309
719,"YAM_774",-74.42695,3.80805,3759,3,4.29050447281476e-06,-0.728487120586123,0.501641417184553,0.675947072031175,0.0908702654149783,0.134263464212628,0.147478569297678,-0.18892126801674,0.138540263754968,-0.136805705499797,-0.143529184250784,-0.0567173888989729,-0.0524939392114736
721,"YAM_776",-74.42695,3.80805,3759,2,0.000493045007741721,0.0203123754125779,-0.837820816417452,0.703724880172054,-0.29030995589318,-0.686413972262106,0.301506041226306,0.0532953573820272,0.052332395396438,-0.0199155561803562,-0.0614474731902298,-0.184628457277384,-0.0817195644081881
727,"YAM_782",-74.42473,3.80334,3642,3,1.99398902189785e-05,-1.1490099211103,0.720548381541487,0.56670469509241,0.283059458746211,0.159808741235528,-0.027966650232174,0.0538206917595214,0.0492039105587596,0.010261189723887,0.00197281605881709,0.0905803771492264,0.0772074000800585
733,"YAM_788",-74.25973,4.06499,3915,2,0.0139747592137667,-0.93032021726878,-0.491045276923324,0.113534965452252,-0.0762606076928902,-0.755400485152394,-0.0262146655935597,-0.0174778282146193,0.214979276919244,-0.240092392831548,0.152770508650887,0.087247257906729,0.0803530093622195
734,"YAM_789",-74.25972,4.06694,3914,2,3.7886243137164e-06,-0.591942130624678,-0.775302397806531,-0.551926968375453,0.129106634346899,-0.824342161557059,-0.0335253970974166,-0.00471202791816627,0.2108342704944,-0.0199926458364026,0.058214457007928,0.000491709648071749,0.0813245915803481
737,"YAM_792",-74.2581,4.07351,3875,3,2.28797660647428e-05,-0.501938960897507,-0.235384400346356,1.01149577216439,0.471411466742083,0.138399983391468,0.180118367861032,0.0427500160439284,0.120358797633725,-0.101532715182843,-0.116803971956069,-0.193592082692168,-0.0532164843983026
740,"YAM_795",-74.26775,4.05832,4050,3,0.000601358145710162,-0.533767747452617,0.356909308486097,0.373767193894624,0.978262591813252,0.312931609627304,0.0155771606112798,-0.153075516935292,0.254522465276939,-0.295024804309863,-0.123610469129201,-0.0559707515064254,0.00479518167755537
742,"YAM_797",-74.25972,4.07694,3849,2,9.46752029371556e-05,-0.140761840975561,-0.0477295581561537,0.06318140870527,0.330054992832605,-0.552595983427344,0.42949145321762,0.157900125239837,0.13689745159343,0.0987397518755358,-0.0683727696680376,0.03999667338693,0.0100957091263639
748,"YAM_803",NA,NA,NA,3,5.28437170732587e-06,-0.273398949500256,0.506837377502676,0.542585064599126,-0.166378392756553,0.32578805245409,0.146490164083041,-0.00879031316080781,0.0695307788088659,-0.0731077141792358,0.0610354768415354,-0.149625512664427,-0.0842541366097836
749,"YAM_804",NA,NA,NA,2,0.000336068317016935,-0.483302963222482,0.573137507586893,-0.512720632948199,0.418042154894802,0.253739269896606,0.176480485134958,-0.221127857055728,0.0328893328900352,0.0323931024906894,0.0809434285285187,-0.164674470030904,-0.102005484884124
750,"YAM_805",NA,NA,NA,2,3.68039046642066e-05,-0.67934646234309,0.283752363378289,-0.242145632692054,0.36179259850428,0.489354540045082,0.14858679653547,-0.182384560510478,0.456005907651371,-0.149980531006305,0.0599076490667105,-0.113903271711615,0.0186138629527592
751,"YAM_806",NA,NA,NA,3,3.40467215598217e-05,-0.284970439695557,0.642520794516145,0.233229415468991,0.522142820253136,0.514022117986464,0.174652431537085,-0.343449947825025,0.106685343491907,-0.0235443512865158,0.1083335540465,-0.0357997901790398,-0.161501506205222
752,"YAM_807",-74.26611,4.06056,4062,3,0.000256405015071293,0.0137283552387622,0.278228940307439,0.50548523063773,-0.136282050020104,0.195333710609459,-0.071359461953361,-0.224823720557334,0.0692490547751725,-0.149697290130917,-0.230605910789121,0.102052316787082,-0.0128948397355989
753,"YAM_808",-74.26611,4.06056,4062,2,0.000106987266881631,-0.868204628164263,0.102616457189757,-0.762766337390637,0.600077837384118,0.143544336103048,-0.29491069240098,-0.365767310317584,0.160440264180716,0.104839457404776,-0.0338932455955714,-0.0539670721718163,0.0680501649221527
757,"YAM_812",-74.26611,4.06056,4062,5,1.70568562718465e-07,1.39780147108739,0.15942068311336,0.160538520537579,-0.390977285997492,0.146694440935085,-0.241336248663775,-0.409554807002827,0.650928050686732,-0.539917672477595,0.444575835025146,0.147885486893753,-0.00499670043690106
759,"YAM_814",-74.26643,4.06045,4068,1,0.00365075290053207,2.6524805321693,0.143075088793746,-0.157795671933158,-0.669809654415257,0.00774692641978953,0.00855930323331318,-0.148552760750035,0.0463095936902745,0.131601063463659,-0.130148680844631,0.140802250674583,-0.02747619096548
765,"YAM_820",-74.26777,4.06082,4076,1,0.00833522805565257,2.03653151149623,0.382844078327277,-0.0793433115044668,-0.543675061989436,0.164252566269225,0.190794716287412,0.036407846758622,0.175124818459854,0.124731757911317,0.160552975389519,0.279699848902038,0.0323958139391698
767,"YAM_822",-74.26777,4.06082,4076,2,8.35622717687556e-08,-0.296046808974354,-0.416494195963324,-0.405678206518326,-0.0138854123338673,-0.22023095188311,-0.35089867383854,-0.0271568419315522,0.252580201896975,-0.0372088571400154,-0.213111680891923,0.0305664100444702,0.0994542424788212
768,"YAM_823",-74.2682,4.05221,4074,1,0.0015195670925805,2.40838901989168,0.258649059815079,-0.137392527567363,-0.428941565995643,0.0295629716639247,0.155381780974748,-0.30110096679981,0.173699559479507,0.153680910596988,0.0478642119065919,0.101031218333505,-0.0474711655556373
769,"YAM_824",-74.26917,4.05972,4040,1,6.23949909570598e-05,1.92973115520444,0.607597292168838,-0.151353543234421,-0.749159951446781,0.281936280352833,0.184895232873811,-0.0224057694051259,-0.00202746864219645,0.173864384092493,0.262808853141552,-0.067921805577272,-0.04427076900644
770,"YAM_825",-74.27,4.0575,4000,1,0.00149638495569204,2.15937653237813,0.168447602928723,-0.0394496857995438,-0.268069420403559,0.360468709357356,0.355700401064394,-0.117214055799201,0.0872643915025236,0.0456616974722271,0.142476225358849,0.0035967729988832,-0.129259059885318
771,"YAM_826",-74.27,4.0575,4000,2,6.02407649907821e-06,-0.565338835236616,-0.391785562823179,-0.449826994496088,0.410339823541853,-0.199976419330466,-0.210117626800059,-0.372027903628763,-0.00718200386424086,-0.226398707362354,-0.0766703036363858,0.193303610020596,-0.0305621242218713
773,"YAM_828",-74.26862,4.05723,4014,2,0.00548310172370692,-0.645974586052352,0.0239034603343481,-0.624952397253176,0.362886989008908,-0.221962648903865,-0.0999227267560156,-0.452060479455073,0.158201918991873,-0.140527981757618,-0.0455037903006109,0.183921744189611,0.0200125798197877
775,"YAM_830",-74.20069,4.27817,3759,2,0.000624343313774256,-0.131978710967137,0.235125354585607,-0.293117989783624,-0.0316072741413545,0.250152484856481,0.0885879333701139,-0.179035167881906,0.099839626389679,0.263083665489013,-0.133226605786796,-0.20831294581125,-0.113065741323352
776,"YAM_831",-74.19764,4.28219,3709,5,3.07625748170448e-05,1.03364435469101,-0.107542837257671,0.21583562974633,0.304758430869695,0.530116337000796,-0.14384627588488,0.0971199751994965,-0.118416933070038,0.161312719585226,0.182869855877777,-0.049558845085567,0.0364549626830293
779,"YAM_834",-74.20234,4.18699,3394,4,2.18113038741308e-09,-2.53093403448735,1.0203153678212,-0.694337691677846,0.0205534767174388,0.500346305860533,-0.129905639227626,0.789722061541097,0.131485281716345,-0.136915212236925,0.275238016346859,0.284344866551116,-0.364001249444851
780,"YAM_835",-74.2646,4.18251,3562,2,3.69341218555697e-05,-0.528970333849345,-0.587627149055975,-0.493045052490821,0.0225596861128252,0.28477985636313,0.19296493886471,-0.144380145622022,0.0510447537584392,0.217006870871048,0.189432921288788,-0.0884193708979957,-0.026758097258608
781,"YAM_836",-74.22633,4.1862,3566,4,0.0535371798036826,-2.05042132555326,0.46020483326906,-0.770056218040902,-0.112212173610133,-0.0418662981821417,0.217881084353349,0.518132684874157,-0.196583716556843,-0.0387541249374187,0.357239101519357,0.0564728385168247,-0.155549535976926
783,"YAM_838",-74.23694,4.1375,3800,2,8.44193991911268e-06,-0.849838957191388,-0.141701960892433,-0.578492752404445,-0.131456140330313,0.289417747655521,0.340467876191751,-0.0485977133458967,0.345063839448897,0.052282759996308,0.252695462224409,-0.0600754074205594,-0.0325192323555241
785,"YAM_840",-74.24718,4.21291,3699,5,2.21970901427282e-05,2.04326940931501,-0.428602587068401,0.109547027831662,0.328801995021802,-0.0380337234029964,-0.168275137958895,-0.0522853275421782,-0.216595113507789,-0.121344614719,-0.0179891850498241,-0.0747512866546401,-0.105796284422086
786,"YAM_841",-74.2472,4.21286,3701,3,0.00079442168937971,-0.463548871532989,0.753649943142325,0.17190626977347,0.644935710730932,0.215255192591302,-0.0590393638396505,0.0670119099658771,-0.0564850952295153,0.145470928110818,0.238731732685504,0.0370600272540146,0.0245151349113846
787,"YAM_842",-74.24712,4.212289,3701,5,0.00390674905157218,0.583210010016415,0.364984164698647,-0.147737453294922,0.637952806262417,0.564739234425976,-0.471829139675959,0.103355745878586,0.0576519430033519,0.0267310405850642,0.064270261999272,-0.229928217303042,-0.0351148678799992
791,"YAM_846",-74.40395,3.85552,3409,3,2.35115688052012e-06,-1.12905781382463,0.551140503129397,0.841169406353831,-0.256618529042285,0.207366858243969,-0.0945703363968494,0.00594625114762558,0.285461205031145,0.0627098988802683,0.043720136319297,0.0396080492300508,0.166599214252381
793,"YAM_848",-74.42467,3.82558,3783,2,5.10171371104207e-06,0.0459268183508854,-1.52787230278717,0.276063298397177,-0.0864568772633464,0.16833144356403,-0.0901437703564536,-0.560265230355704,0.232575180792556,-0.00314894591743467,-0.320727406305704,0.00267301358136826,0.0312122444489987
794,"YAM_849",-74.42496,3.82555,3790,2,1.05877277655209e-05,0.454988864553917,-1.51462579312548,0.245996973547432,0.0861512016894086,-0.0431121111750283,0.308468986875068,-0.154581041812273,0.245719684329985,0.0328446667549748,-0.119251378177384,0.00619158627885907,0.133383926945986
795,"YAM_850",-74.42496,3.82555,3790,2,0.000315208716566762,-0.0504071926012899,-1.19685635528627,0.942219906330809,0.456396187713114,-0.0228246462572328,-0.0631837653163872,-0.216416192647614,0.226771154456704,-0.0277102098212282,-0.0225272573239193,-0.0618228865158664,0.0807675855627325
796,"YAM_851",-74.42509,3.82449,3797,2,0.000352480165098479,0.0590231993339969,-1.44023500777698,0.619961090374338,-0.20955893078983,0.0500951515254324,0.265060328343243,-0.264539827162255,-0.034964691959662,-0.155752278486175,0.0209615464398623,-0.0790349185787099,-0.00142310129133946
797,"YAM_852",-74.42501,3.8243,3783,3,3.11720002967864e-05,-1.12975403154625,0.546367192173329,0.605102663149739,0.554458688737179,0.249765172553179,0.161086403900728,0.0548530891177971,-0.170849513396699,-0.183809327116698,0.155586312332033,0.410992033002803,0.200799369744182
798,"YAM_853",-74.43198,3.82905,3792,2,1.53528082469379e-08,0.464764687296163,-1.04969793627213,-0.200885255570315,0.175157459307428,0.101995335838949,0.201559494178268,0.0712760655656023,0.1137787182152,-0.0661621574965785,0.00967263868206204,0.046076391273873,-0.0663609301983591
799,"YAM_854",-74.43205,3.82929,3789,2,0.000573998217456628,0.117342976916974,-1.24132372770521,0.608450467138162,0.116434556106238,0.135685359844222,-0.0180104649978466,-0.135953758583028,0.472890280155665,-0.0491690602059154,-0.0986872969476397,-0.0501277629138454,0.0622716103739098
800,"YAM_855",-74.43209,3.82931,3789,2,1.43694502737768e-05,-0.193451563007352,-1.62715898917254,0.433293397615073,0.576511963306214,-0.0244686372996961,0.292331627641924,0.0268353439607059,0.112570357705784,-0.0108743918838434,0.281869755107218,-0.079241478004013,0.0843109715580596
801,"YAM_856",-74.43205,3.82929,3789,2,0.00129568132308711,0.0236234445974337,-1.67394684009864,0.588943401256607,-0.623024341495638,0.145931347491796,0.0596267819019427,-0.386781010058482,0.291313527141318,0.00724563532754829,-0.225548521379187,0.0674537143256699,-0.086202860350632
802,"YAM_857",-74.40389,3.85817,3395,4,0.00620149082145593,-1.79196428673528,0.0241268993994537,0.215241414218446,-1.41507729529782,-0.343260111219226,-0.320567366264247,0.459376768387576,-0.276617671194191,-0.179598882350015,0.10733343455934,0.144672302374313,0.0620783370853202
804,"YAM_859",-74.40424,3.85841,3394,4,0.0131585642176738,-2.10747733348285,0.000219166995380431,-0.196886114566495,0.00422227471641853,-0.0761634369304029,0.0139592713054368,0.209735952570193,-0.208057769335614,-0.360439523160446,0.247684231110779,0.289853765041183,0.282130683154432
805,"YAM_860",-74.40421,3.8583,3394,4,0.0351381935581672,-1.52193389024794,-0.0282596644928367,-0.0434872708838292,-0.545688094295586,-0.102720239058674,-0.182096934895689,0.411746192014822,-0.147567535695795,-0.224280439131457,0.417145898502892,-0.00577984711815884,0.306524670375041
806,"YAM_861",-74.40421,3.8583,3394,3,1.62127898639675e-06,-1.29817209120364,0.532506215173948,0.914769452088577,-0.025232273812119,-0.29626564586371,-0.152745282436942,-0.289227106057911,0.0208072027521869,0.154252062045999,0.0773241821403031,0.118618316083103,0.153031578425278
807,"YAM_862",-74.40421,3.85817,3395,4,0.188411765342719,-1.89826366281952,0.386267630097044,0.321040696901561,-0.309082003736724,0.204379553216736,0.18732213796407,0.495533632705346,0.0794277545862161,-0.471347965595029,0.136977926713749,0.122591520440263,0.0626625751553718
809,"YAM_864",-74.33633,3.82462,3910,1,2.54953863156882e-05,1.29446395770623,0.994411334229362,-0.130975169213337,-0.43490666944399,0.0328661788309127,0.534903636175815,-0.130485352407244,-0.0920811405362862,-0.016766095645174,0.28780502176591,-0.00724152704503209,-0.0698397099050461
810,"YAM_865",-74.33633,3.82462,3910,1,0.00251598062088854,1.0596160441265,0.901176463965614,0.0997211024996569,-0.666426496434265,-0.17243738293772,0.442606273624375,-0.213578477953306,0.0462106658619607,-0.00190864171978595,0.085470410201415,0.12154764214087,0.0441174400659368
811,"YAM_866",-74.33578,3.82383,3913,1,8.12853435672167e-07,1.92668312151516,0.511150503123546,0.0843315792508676,-0.936319441473117,-0.029189313372261,0.382068343995507,-0.355645879131253,-0.154807512864184,0.290193258895037,0.292458782597243,0.252488001116347,0.0391222104093278
812,"YAM_867",-74.33608,3.82333,3913,1,7.63025355032809e-06,1.54478995467828,0.970430591416968,-0.140039324476132,-0.80178221670586,-0.0939849358905669,0.222256677062757,-0.37189753900998,0.107691210593719,0.382471173396492,0.0753530677495273,0.142389053543507,0.0897170433753926
813,"YAM_868",-74.3362,3.82311,3927,1,1.56277760732237e-08,1.79546432217352,0.976294771304002,-0.0327338762820042,-1.01567846654234,-0.157630714778123,0.643242877484417,-0.57103515570761,-0.2132855002014,0.353511300299783,0.41634370412214,0.150358593587313,0.136663467377555
814,"YAM_869",-74.33533,3.82293,3926,1,0.000201431252303541,2.11788175833094,0.660330930734943,-0.0817955916160703,-0.906253663589529,-0.205249990222659,0.365685829909616,-0.13362548114788,0.0724686806885711,-0.0625082257013173,-0.0334962959367855,0.00803733333140351,0.0659579925662045
815,"YAM_870",-74.33498,3.82246,3940,1,2.93405932033641e-05,1.32919475266061,0.95547584627043,-0.242278002107614,-0.167728232658156,0.258288384338775,0.421094822169526,-0.234467692426342,0.0453969389357772,0.286797406339167,0.124681111428247,0.0670743490020107,0.0103358666564151
816,"YAM_871",-74.24855,4.12365,3803,2,0.0117065520097763,-0.740613407932752,-0.40408845688373,-0.518637131429392,-0.613678983469471,-0.253788512329182,0.0965848575365221,-0.303931114800986,-0.237808671583951,-0.10646651708298,-0.00987031123236713,0.124614578303889,0.100776812108794
817,"YAM_872",-74.29382,4.06133,3721,2,2.52672955773914e-05,0.706329047796407,-2.0371256549897,0.556475832616638,-0.392471933893178,0.466604951714993,0.313932101750604,-0.0364825901334568,0.25971829379718,-0.136780234023312,0.042730903828568,-0.0276640728901001,0.0347789015252557
818,"YAM_873",-74.2935,4.06113,3724,3,6.64167837061136e-07,-1.3660870638,0.158392093535868,0.999889698413528,0.624565296329546,0.519879484571051,0.295990025318641,-0.227581689854031,0.175786380692421,-0.121078430106967,0.0767148459533039,-0.0587769027916598,-0.0389220215083598
819,"YAM_874",-74.2935,4.08661,3766,2,2.09410727913806e-06,-0.795648522637919,-0.715484449703644,-0.464888705771941,0.223711420492147,0.119901771730992,-0.138679727982871,-0.283222631826871,-0.0892800347677359,0.104594364443598,0.110746034065678,0.079935275579307,0.0534574054243912
820,"YAM_875",-74.25665,4.08678,3766,2,0.0011549358751195,-0.845108502763993,-0.532532830827741,-0.601694592404207,-0.235566109623913,-0.0458224581168681,0.104258175511386,-0.0755127240686892,-0.158196959958987,0.124795407244042,0.515685758856125,-0.177403460542386,0.126006207346454
821,"YAM_876",-74.24714,4.211134,3595,2,7.91658819820906e-05,-0.28833871750658,-0.231817634892257,0.0221489965414664,-0.288001079689742,0.320211031908736,-0.232108291499532,-0.0867676282932208,-0.00864836729663552,0.212905790124605,-0.0174406254291824,-0.00732256780179479,-0.222345514359409
822,"YAM_877",-74.24709,4.21171,3680,5,8.67635420620516e-07,0.663826143042906,-0.148762876938728,0.330974396121944,0.929678289674303,0.17647145082483,-0.0147133695629619,0.194239651220197,-0.134577922581835,-0.143815113936347,0.442649950674479,-0.165191863545914,0.214461261163635
823,"YAM_878",-74.25262,4.19544,3754,2,0.000195377554504383,-0.642684466538841,-0.764977044529828,-0.739803654497258,-0.0602414487606376,-0.18276485301284,-0.0424759969075834,-0.0766015146936099,0.0999599744211417,-0.0196695670564759,0.196670749117875,0.0154069979611825,0.14698095696664
824,"YAM_879",-74.25253,4.19532,3753,2,3.45111272892495e-10,-0.10572066484261,-0.877867896525645,-0.97605269127799,-0.0990597983307249,-0.205955542363538,-0.0309574267637232,0.012229973055176,-0.035333754708942,0.0556775905156636,0.0643523518674627,-0.173224577224969,0.0666049088327413
825,"YAM_880",-74.25256,4.19592,3756,2,0.0013972315752232,-0.335617005226647,-1.0054713764007,-0.343830348051327,-0.549888908535676,-0.172025880967102,0.287170097319142,0.0243360113956055,0.0585109049938574,-0.26784773439897,-0.0686595062713737,-0.186958996026349,0.0397155041095812
826,"YAM_881",-74.25249,4.1978,3762,2,1.86997084483664e-11,-0.39171508467645,-1.24110675769466,-0.0284704709662717,-0.367715507599374,0.324394830754166,-0.31028450911897,-0.0868857031135947,-0.0894433576221433,-0.0456922503113629,-0.0637541580852736,0.0259676216745062,-0.0475324020600505
827,"YAM_882",-74.24709,4.21151,3701,5,7.91735864980048e-07,1.61975756545913,-0.399138101249625,0.446156448429507,-0.431593231184085,0.232406899300144,-0.128540006040152,0.26474287091168,0.0217206193973868,-0.217099614252226,0.0796803282417406,-0.0132307435069576,0.0940194209140255
828,"YAM_883",-74.24709,4.06113,3701,5,1.09133813097628e-10,1.38473875224357,0.173464035534367,-0.242070328726219,0.202772698712409,0.788481484455831,-0.520146391589369,0.367887979713981,0.110582508208786,0.0277322190737443,0.18920960611003,-0.0822082865214098,0.129648057462417
829,"YAM_884",-74.23035,4.18344,3616,2,3.37436726893792e-07,-0.531344983685988,-0.749049822688364,-0.641818814630546,0.796124535897635,0.234419883614361,0.255577230262745,-0.00880557484270432,-0.0448518258005915,-0.339329955465588,0.0174725054383369,0.131141469851084,0.177153941045944
830,"YAM_885",-74.23049,4.18345,3623,2,0.000103318959338461,-0.909692743550533,-0.714590710037183,-0.430766373163091,-0.222935287593736,0.942459662655549,-0.0289126810788953,-0.120491166005854,0.202043915539857,-0.0690545277022475,0.035622896881259,0.130917877869842,-0.10192754102609
831,"YAM_886",-74.23071,4.18357,3625,2,2.07338170983284e-05,-0.164014149775884,-0.989823061889791,-0.410527347131957,-0.240479769324958,0.0911865894490017,0.37517434902558,-0.00918838276603628,-0.203227171026419,-0.0818969456271254,-0.0289724173559147,0.122702986311323,0.174462456338085
832,"YAM_887",-74.23061,4.18372,3622,2,1.85512524211173e-05,-0.117435191602429,-0.712049649989708,-0.181066142206163,-0.236113630511457,0.209037532365354,0.125286999075485,-0.180799716605133,-0.163097988063136,-0.0875216719528046,-0.2202502045866,0.193527536565971,0.10985608253276
833,"YAM_888",-74.2306,4.18344,3625,2,1.59310977965177e-07,-0.547268302365096,-0.963762807541005,-0.530253540831315,-0.543783466936636,0.390973728244177,-0.00426585494758699,0.225101099291483,-0.0893268322983217,-0.13291871519437,0.0437956177551522,-0.012010716914381,-0.174576687318263
834,"YAM_889",-74.22938,4.18389,3614,2,4.99234986683916e-09,-0.689177437376919,-1.33640954605543,-0.613890236294883,-0.341729134719168,0.279662819236673,-0.0554170856347974,-0.179912197090203,-0.192796290463886,0.218141913820224,0.142925329355905,-0.0465923709348309,-0.0259919582121463
835,"YAM_890",-74.18907,4.28015,3765,5,5.31956846450132e-06,1.0211318756107,-0.235906771781071,0.0488399037942432,0.853117553991348,0.12198301356517,-0.384777993526463,0.124643089704098,-0.220591731740009,-0.235740797466921,-0.431724759236091,0.36940754009018,0.0461469038666964
836,"YAM_891",-74.18907,4.28015,3765,3,0.00165599825060558,-0.056548313939061,0.555947309319376,0.199614881765995,0.139682291896465,0.453949762491985,0.00997428152402474,-0.0175524249570644,-0.154798094230736,-0.208678833469394,-0.275232639678264,0.0962238596999832,0.0076961309846143
837,"YAM_892",-74.18713,4.28035,3768,2,0.00133130047954355,-0.559792555300441,0.920179614178345,-0.318748904611901,0.231497415017866,0.224371595874178,0.191367364300133,0.0218330798153501,-0.139706330037895,-0.0528974015123449,-0.0736386317405804,0.0881597838222972,0.00566252587060749
838,"YAM_893",-74.18514,4.28262,3768,2,0.00155139583337094,-0.638442392709723,1.03694813566973,-0.765413202122763,0.321921915962942,0.189231816532445,0.227493370279988,-0.0600956226617357,-0.139665098135995,-0.367443311906309,0.364089022780982,0.0999402114468633,0.147785717945092
839,"YAM_894",-74.1839,4.283,3810,5,0.000303353873647327,1.19066298699781,0.284033052007448,0.040924191319583,0.130568122924296,0.169901156917591,0.137030087637751,0.0781509450365559,-0.0191439133574088,-0.31117064313757,-0.34058447867508,-0.0668480914923465,0.131914441368586
840,"YAM_895",-74.18393,4.28294,3811,5,4.97869772664306e-06,1.33195465081792,0.0320585999643056,0.128551803941364,0.225188805869325,0.286971362858391,0.0440278511521788,0.313278881292593,0.107517371727457,0.136272795331215,-0.212178617359003,0.185259986356084,0.240810450976938
841,"YAM_896",-74.18374,4.28,3810,2,7.33338622227464e-06,-0.259898710538471,-0.1158159539248,0.164432989819427,0.426530600044035,-0.766302392918607,0.606773283799065,0.173257538217415,-0.308467760687869,-0.0959081655142831,0.164298052568714,0.21782396338552,-0.0275208793289924
842,"YAM_897",-74.18336,4.28308,3810,5,1.92880580416332e-05,0.948223349724178,-0.122775094709051,0.252448662418358,0.405121319537281,0.211453916878432,-0.0630527749575635,-0.0205042088003178,-0.345278704188059,-0.351227021087799,0.153138190190364,-0.0193629720715864,0.00450019374746864
843,"YAM_898",-74.18246,4.28249,3795,5,0.00469188461363834,0.953519658570508,0.330129027879317,0.0449950332199886,0.306687011575554,0.432454269530346,0.0976625540454438,-0.0274296095920132,0.242649366289237,-0.153899548781286,0.088204751083301,0.023314505001629,0.120104353814191
844,"YAM_899",-74.18217,4.28248,3787,5,5.50992464987132e-08,1.6631277008079,-0.344804553634907,0.435771777091055,0.482220885615834,-0.716868578357478,0.285027915730934,0.449607375670432,-0.210907786623865,0.0223655359800909,-0.00128756334954805,-0.0362989354204584,-0.0419060858329098
845,"YAM_900",-74.1755,4.28388,3768,5,7.24502379867431e-07,1.22443981819132,0.0855381832307777,-0.0103682369385891,0.511690823855674,0.0480552201352485,-0.0814142035454811,0.214652062754547,-0.265790603131819,-0.280295124446199,-0.204655433279911,0.00500178918159738,0.0948488220942019
846,"YAM_901",-74.17506,4.28467,3768,5,0.000146282300933498,0.744984043544942,0.0122749846018116,0.147908584870308,0.558156340167854,0.325250639514075,-0.256295758868286,-0.0641058343584539,0.132464616279516,-0.367329838306727,0.210646399185653,0.183043399057777,0.104794789609871
847,"YAM_902",-74.18098,4.28212,3788,2,0.00171688369501899,-0.647458630602062,0.561475681600598,-0.390159598205755,1.23249553883376,0.226990692870279,0.317933681657933,0.129228198916979,-0.1191039261276,0.021673675398518,0.198817804809852,0.124185230486501,0.133359181586582
848,"YAM_903",-74.25914,4.08242,3760,2,9.43807614284253e-08,-0.932287897473914,-1.19010474465647,0.241772539750888,0.0736697559865264,-0.982215372252445,0.0896034021271684,0.0306694627685002,-0.0414377498698503,-0.0170411385678512,-0.0584717272547171,0.0310219025635212,0.226516199499143
849,"YAM_904",-74.25913,4.08239,3768,3,0.00146310876401512,0.24146466659399,-0.0646886502021836,0.833241476049177,-0.358370614235825,0.0268099332456829,0.207132347777689,0.0702129991286848,-0.133299067874457,-0.168431972380299,-0.194872118187345,0.084021510863033,0.0347527103285712
850,"YAM_905",-74.25312,4.09971,3768,2,0.00377554985511763,-0.201279156652791,-0.504600856843082,-0.264143147203095,-0.138645914169563,-0.0191313982685792,0.135493561253962,-0.13909844287448,-0.142764248225113,-0.325910308850179,0.163475139134236,0.127020633455445,0.136430203965633
851,"YAM_906",-74.2513,4.10938,3774,2,0.00148884123862081,-0.758860226192877,-0.678441234563079,-0.334402715212522,-0.75262943838813,-0.170988428807162,0.143198343271669,-0.157503023807376,-0.354910683744776,-0.106320628109901,-0.109678893679435,-0.0889296945424483,0.175627130537819
852,"YAM_907",-74.24902,4.12484,3795,4,0,-0.725312259442,-0.218874716321092,-0.46111508909083,-0.617526471322084,-0.130111273971731,0.405421168859429,-0.0543281387153837,0.0289634925715048,-0.144863039221192,0.125320645687487,0.54037235359468,-0.936828802009761
853,"YAM_908",-74.24899,4.12504,3793,2,1.11375971303396e-05,-0.699534293671514,-0.38005357404698,-0.182362296541123,-0.396903486534313,0.0216661601843721,-0.144562736020641,-0.022930232585997,-0.0968820718064242,-0.100367382571221,-0.26706624452442,-0.0888331681739143,0.180480557516501
854,"YAM_909",-74.24114,4.14319,3843,2,0.00104788001210099,-0.747666267657544,-0.573579944081808,-0.0686892040853855,-0.505402729200152,0.109687328173189,0.103028524884439,-0.35061988128422,-0.180742359011377,-0.0671614574226846,0.235570695087077,0.112567915745908,-0.050274962246804
867,"Vergara_8",-74.238444,4.194722,3530,2,4.76758454936999e-09,-1.32840596475389,0.367250769475195,-0.538918678286508,-0.578157778421989,-0.337389683378666,-0.585208098789478,0.229124535957563,-0.281858777380499,-0.40514222256059,-0.303709925487793,-0.196037065845903,0.198652251236753
870,"Cuatrecasas_27070",NA,NA,3400,2,0.000154490641395055,-1.4331972030299,0.0357039442313211,-0.535372054134314,-0.349890619671582,-0.0536034192874052,-0.0357033523630717,0.678910538156507,-0.150285959313266,-0.00710334386468741,0.0860689483760287,-0.196456538385124,0.103554295773725
874,"Idrobo & Hernandez_2756",NA,NA,3500,2,2.9692869718545e-08,-1.06167792547046,-0.439262526483202,-0.333088545346833,-1.1333354850446,0.184752176590736,-0.500236477996381,0.187439093456416,-0.455613159633157,0.28444929399237,0.104278679433451,-0.0253015327067259,0.0310108130799078
877,"Cleef_8301",NA,NA,3400,2,0.0489716545085742,-0.787290828168602,-0.399837514886979,-0.565907287472326,-0.670239168868752,0.15695408004869,0.35273172805594,0.284099420828028,0.249859624174357,0.121667110393561,0.0208441147087618,-0.0505962110699365,-0.0598867167276253
880,"Betancur_8093",-74.213694,4.087278,3500,2,3.82290417193509e-05,-0.257031176263501,-0.652788110415956,-0.329677713652411,0.0143870825634582,0.60709147911634,-0.147452213896999,-0.167336372904062,0.189466010270467,0.00270461148807948,0.274789479995075,-0.109277867456863,-0.0137600360538661
882,"Uribe_5537",NA,NA,3100,2,4.4375242935768e-07,-0.532133887310693,-0.314763419392768,-0.0925722439819652,0.371450429038191,0.83430728758882,-0.124780310293894,-0.149624803793861,-0.176272132615807,0.238795476716021,0.147751084891364,0.133099515213957,-0.110286047900269
885,"Uribe_4505",NA,NA,NA,2,2.32091552677671e-05,-0.324309454111536,-0.469880953010208,-0.423623609968709,0.470878414885684,0.0391977856285279,0.00757109076316549,-0.151467352328964,0.156389480339108,-0.208913181428757,-0.0739533874421061,-0.195508202503599,0.133445491806286
893,"Garcia-Barriga_17193",NA,NA,3500,2,0,-0.167882567225007,-0.122233267219686,-0.671695316423017,0.0258159927947167,-0.31709916526275,-0.248121893630292,0.118714932525015,-0.456501467320669,0.0679045975458321,-0.112294106869058,-0.202972398521499,-0.0298257014413864
910,"Cuatrecasas_5517",NA,NA,2900,2,5.96855898038484e-13,-0.135942186033974,-0.305444672103919,-0.152504183685953,0.347708323373456,0.41357502731676,0.0413073001676977,0.143467548671562,-0.397456187947644,0.127925484694767,-0.0341532666528758,0.0682782574637943,-0.22677979248483
911,"Garcia-Barriga_8103",NA,NA,3400,2,1.86497484122583e-11,0.476337523893779,-0.88729838447362,0.0590332808236957,0.406623376314909,0.421235118452006,0.21561102087558,-0.0234195370382852,-0.37622987212791,0.0203723577713765,0.0992765498152671,0.108052615823032,-0.270258097424295
912,"Cuatrecasas et al_25567",NA,NA,3450,2,0,0.332957712091952,-0.28560409897817,-0.355718930408322,0.522694232241673,0.131684180656341,-0.0422333454166889,-0.14141898927779,-0.318219951020967,0.101899610867628,-0.330117606693232,-0.169694336450188,-0.185835132944548
913,"Uribe_2473",NA,NA,3500,2,3.48728890209316e-09,0.651831234823804,-0.564109900729027,-0.0548581866922912,0.140089481160291,0.0624878550675511,0.263406495453251,-0.160837363981032,-0.129666373226256,-0.0751279677152508,-0.484314193238537,-0.0444744645516364,-0.0634317013478892
916,"Humbert et al._26849",NA,NA,3300,2,0,1.29071288823842,-0.615685672067259,-0.43700040143942,0.0179999086164254,0.74371809133141,0.153513068571877,0.0296823797683498,-0.176655424338689,-0.053611446215843,-0.570816499614383,0.0934966561627444,-0.425598451794482
919,"Garcia-Barriga_13390",NA,NA,2800,2,1.45478272428612e-07,-0.293639157006419,-0.154986762911954,-0.245243285118113,0.8183657187454,0.259057280153588,0.112385168247751,0.0995697729849832,-0.145226880724944,-0.18833198307369,0.0882403166220097,-0.161294895132929,-0.00729969625841492
928,"Barclay & Juajibioy_6137",NA,NA,3900,5,0.00439124326637985,1.63872994256117,0.0450835635892541,0.105906050206775,-0.0285030103243314,-0.131326583272607,-0.00856121705627354,0.0774805340638111,-0.404229260494796,-0.0164277976785041,0.100538973873417,-0.221438196437461,-0.209731622740431
934,"Fernandez & Jaramillo_1486",NA,NA,NA,5,1.32878930991787e-06,1.3078096473517,-0.0603242333212493,0.149899437485253,0.116315168472189,0.00441876007348099,-0.375537160836755,-0.0819654802347649,-0.238702705085166,-0.0203065849104346,0.236369695260456,-0.191495832094247,-0.0272735750803661
938,"Uribe_6786",NA,NA,3600,5,2.4730123856509e-06,1.49889713144504,-0.150230740563051,-0.0200765695825336,0.537271105694013,0.284019649642431,-0.228813461216875,0.167726706728145,-0.201873051245031,0.0252117383617721,-0.128534616719798,0.0352394729830339,0.0460683213387022
943,"Barclay et al._3258",NA,NA,3300,5,5.02065886579528e-05,1.40520698047879,0.148531160784308,0.0626045320966187,0.141320316824442,0.0271600762163045,-0.022792850078367,0.299101855443275,0.0456083753883699,-0.0733041370087223,0.027861652775815,0.0167282512705171,0.0940392992804236
945,"Humbert et al._26904",NA,NA,3250,5,8.30805919934674e-05,1.34849112173067,0.0613169574675272,0.143427586819514,0.0533474057352906,0.267784935122679,-0.0049153486083422,0.311024512461823,0.102012578130522,0.0930820506539375,0.026829810182825,-0.0011117541416563,-0.0149251498114096
953,"Dugang_2965",NA,NA,3350,5,7.16272141111363e-05,1.25395477482403,0.177296590851019,-0.0246540139715751,0.47150919760338,0.218142984021722,-0.0902493815419984,0.0659061905615215,0.0847226305738284,0.118688385473222,-0.0463782862666019,-0.26493422594626,-0.111983383717364
958,"Garcia-Barriga_17392",NA,NA,3600,5,0.000299674309374498,1.46121067190693,0.112954130801528,0.165467481025431,0.0186899054351334,-0.0853272411918821,0.0960773557437407,0.225902045419469,0.07118821803975,0.180516362400889,-0.222997639277482,0.106938838575587,0.0552882857761982
959,"Cleff_1575",NA,NA,4000,1,0.000808130824451969,1.82163952146144,0.557999559308424,-0.113288734319249,-0.0759020189006536,-0.144380473190008,0.372822323443379,-0.222109224630056,-0.242995813347855,0.342713556239218,0.312636521785487,0.0411038874825044,0.124906513143264
961,"Cleff_1573",NA,NA,NA,1,0.270914851334041,1.73160829951679,0.747613950832022,-0.344969588895344,-0.136030704308751,-0.10580534256771,0.025497197975641,0.0889394798934247,0.0666935268494511,-0.000103160131480562,-0.152443578483766,-0.156026956372727,0.00035267351090316
962,"Diaz et. al_2873",NA,NA,3920,4,0,1.39941229925025,1.13776175215694,-0.179655765555401,-1.42393839266864,-0.182583955434557,0.257277030601077,0.5693808669652,-0.352280018429611,-1.60986083643702,0.114447417009462,-0.800982506851689,-0.171219492011947
965,"Uribe_7033",NA,NA,3980,1,4.2530055633816e-05,1.53955623766845,0.955995962059643,-0.377856943882955,-0.279259055010785,0.150034991982645,0.114040676526155,-0.299423386740037,-0.0584066819651094,0.137070014520257,0.152935991637419,-0.0760681927360517,0.0825353745964568
966,"Cuatrecasas & Jaramillo_28785",NA,NA,4000,1,0.0110917613050758,2.00248529322038,0.7156813832721,-0.352751093454677,-0.650044521760636,0.225255563924237,-0.00813543098487889,-0.106159201817538,-0.0548227992687906,-0.100671122552101,-0.0888989754685924,-0.240696993427256,0.22132153006803
967,"Cuatrecasas & Jaramillo_28789",NA,NA,4000,1,0.0132770073786781,1.64070621731302,0.606950456049107,-0.271201910791587,-0.10562216924591,0.396982955397631,0.171517085431435,0.0434240850012907,-0.0252163782119673,0.111748456568774,-0.0503182005808403,-0.0282155136658063,0.115138180812804
968,"Garcia-Barriga_8117",NA,NA,3400,5,0.000218532089592882,1.69335537132939,0.116466811448512,0.0252812672580712,0.110394813560434,-0.141929435492447,-0.00968251413190935,0.0669569919653681,0.0375907254717442,0.129552527425178,-0.342324282024842,0.0580904566310572,0.144724078280413
970,"Uribe & Jaramillo_6895",NA,NA,3955,1,0.000746239126034332,1.9385223525609,0.541800373382225,-0.122406087324915,-0.535482079202563,0.295024016773371,0.328654242482411,-0.128212082745298,0.0740253069564999,-0.162082914603544,0.218655571536709,-0.207189399636254,0.0595946487664264
973,"Cuatrecasas_9527-A",NA,NA,3150,2,1.83894752092684e-07,-0.412035798295088,-0.221709887238773,-0.724105827279965,0.0442624712366106,0.05140760566279,0.558302424279885,0.264853784489401,-0.218794539175412,0.173999095387561,-0.240281685219117,-0.0488900328944386,-0.189817137123129
974,"Cuatrecasas_9527",NA,NA,3150,2,0.00202196947969213,-0.45713261600706,-0.811139629368643,0.59084002214691,-0.307591163779699,0.216387037118073,0.131791897094309,-0.0652103132175597,-0.0514508448234014,-0.103637780941974,-0.207674656076119,0.0852370920398839,-0.159429473668551
980,"Cuatrecasas & Jaramillo_25908",NA,NA,3660,4,0,-0.796612716201642,-0.262658543921888,-0.585942098019384,0.25509975963803,0.0101546300909326,0.256601482242298,1.20123367733111,1.28051959509026,0.751810190916463,0.0230084748535415,-0.601868202475047,0.643782132353737
981,"LATP_010",NA,NA,NA,3,6.0364546878855e-05,-0.235573209751634,0.101720029203129,0.778953462875306,0.0472176253371998,0.175677950100452,0.060289590096604,0.159152708244478,0.0471025377484524,0.273313569118609,0.0341165304278999,-0.141762827457693,0.0117615260822122
982,"LATP_009",NA,NA,NA,3,5.94304355047148e-05,-0.329543679233591,0.0511314125352424,0.802027586544214,0.111511735791717,0.304521711340095,0.0872778895665018,0.161308772563641,-0.0352273753457125,0.213281887639643,0.0974884665049479,-0.0103621534230888,0.0567666501163737
983,"LATP_006",NA,NA,NA,3,1.8575094514417e-05,-1.14793439648999,0.183162078693326,0.976081725339194,-0.0211828280715853,0.339023780504716,-0.0681213818623065,0.148706341020334,-0.0449517459205138,0.0916414425860312,0.0296837246283323,-0.0925363750650007,-0.207964254638359
984,"LATP_011",NA,NA,NA,3,2.94302437420235e-06,-0.964484490406565,0.158546636472517,1.01823212115253,-0.29033811674383,0.592957697983359,0.107153001494393,0.143815371054762,-0.12464622857292,0.11703880720626,0.160248335835702,0.0384889080522868,0.0662794984532636
985,"DEG_823",NA,NA,NA,5,0.0182723400678447,1.70891378328212,0.0667957132246078,0.0789690520561221,-0.463269111564092,-0.0425551840785788,-0.267196184694368,0.0251762191439442,-0.145912992172885,-0.0797508412413585,-0.204463642014015,0.0388048965327506,0.106539917690758
986,"DEG_812",NA,NA,NA,5,2.11478818790134e-07,0.977261566914288,-0.242980925002728,0.109152941785674,0.715945659914037,0.458830904026084,-0.539137941451071,-0.0500842842186855,-0.0550724859642089,0.0828678648610502,0.281981582501879,-0.0334321637394829,0.0251712145353532
987,"DEG_808",NA,NA,NA,5,5.52479626603208e-07,0.87441735200821,-0.110317860806946,0.168039548678906,0.47041849611723,0.441519289668705,-0.262689389984625,0.254015830440727,-0.400238642775016,0.0215843648702798,0.0840575545719892,0.0272530078050013,0.221797737225982
988,"DEG_825",NA,NA,NA,5,7.29881397654175e-07,1.24201078844881,0.22882639056285,-0.097527893766251,0.478978219737426,-0.053024275552813,-0.248454457879072,-0.0436776009387342,-0.108975649934104,-0.284903545657557,0.08373023365314,-0.00454279371398361,0.147756773355456
989,"DEG_822",NA,NA,NA,5,0.000248179728071451,2.0190668114584,-0.0736262456790821,0.0200896645577575,-0.291915163541614,-0.0487565166746143,-0.355007165266631,0.00237525465957159,-0.0749388490602961,-0.0580262181261218,0.0390129065634603,-0.102420235619563,0.0559211183502907
991,"DEG_819",NA,NA,NA,5,1.03252745007332e-05,1.56197830715485,0.479808213498914,-0.196033464307699,0.0974907704811205,0.0208331890494427,-0.0645988092375524,0.411345317521146,0.282942523818711,0.124055272294579,-0.135196411889539,-0.0172928497135879,0.162646200111595
993,"JLMA_001",NA,NA,NA,2,1.17754697069872e-05,-1.34523638203333,-0.324791783595087,-0.699103953786409,0.170413442553283,0.280929988331527,-0.00530297657669757,0.0242417885626223,-0.184235964285506,0.245451047480765,0.191149472244246,-0.241131385089455,0.0551152916418007
994,"LATP_007",-74.165444,4.220306,3489,2,4.01994846772613e-05,-0.96203314440845,-0.497854952606646,-0.675140477961218,-0.749107965706698,0.545185389494929,-0.173144773831797,-0.367620976243931,-0.0783373634216359,0.110027102479155,-0.053984369106542,-0.0736346563761665,0.23663146585323
995,"DEG_811",NA,NA,NA,2,0.00115766230815251,-0.678093731479571,0.557387400393217,-0.715860683271392,0.372364301250631,0.656507139761151,0.305064778259312,0.0110266799643093,-0.219749725573348,0.04213865415743,-0.252358459521488,0.139867236670152,0.106546256924216
996,"DEG_814",-74.166083,4.494083,3385,2,4.19730916689787e-12,-0.769347097208287,0.0912290104998369,-0.81097380320114,0.630085554543976,0.328371732775024,-0.0575119669978894,0.0691489689505365,-0.338452687770693,0.200598037720882,0.0207607495805814,-0.098738506464507,0.00648899790709353
997,"SAV_001",-74.183406,4.440722,3528,2,0.010644949326153,-1.20472079221508,0.00335843589796078,-0.260955505368052,-0.214633095690136,0.395174971028591,0.32380848762474,0.00107654014092942,-0.350640556567484,-0.189688027506011,0.0480400507425528,0.011414166589741,0.106375607653307
998,"DEG_824",-74.232167,4.235528,3426,4,0.000476274435977864,-1.32863800733956,0.534143387649996,-0.297531573177353,0.193739376516189,0.476734875039251,-0.0422530314631759,-0.194949773947371,-0.174034869449979,-0.554780986346659,-0.10590746212748,-0.363976374687879,-0.265350044658728
1001,"LATP_008",-74.164972,4.207667,3621,2,1.66311409088848e-13,-0.630809606263181,-0.691995248945349,-0.509002379544761,0.0433721278286143,-0.143109972503567,-0.258015200075408,-0.0311215886205182,-0.26290808032062,-0.005423807398397,-0.0261320562903781,-0.117557138423097,0.104890031161535
1003,"DEG_863_S152",NA,NA,NA,2,0.00120711548525698,-0.0326690460211541,-0.431381057821424,-0.465888189219111,-0.822265979742528,-0.510697632363094,0.200692464632464,0.0762047008000765,-0.119678359347619,0.0192944728464361,-0.271807620241132,0.119120979988732,0.187236501209382
1004,"DEG_840",-74.344694,3.919278,3394,4,0.0544134340223167,-1.90947639564432,-0.121603354568782,-0.360211122603936,-1.25014755989378,-0.580761695492617,-0.54194282430067,-0.0691686520632441,-0.115017640693316,-0.14120074562551,0.00931813143081166,-0.229200375480234,0.0988002059539579
1005,"DEG_837",-74.3075,4.054667,3606,3,9.06709109046444e-05,-0.243250037869894,-0.25082588831609,1.01136061807262,-0.109380235583499,0.270658042355056,0.0416476120179,0.0400407403865144,0.029585011292986,0.0435943439552834,-0.220938245443343,-0.0155997322840645,0.106688969383582
1006,"DEG_833",-74.414056,3.875083,3607,2,8.20756081655327e-05,-1.22938620322681,-0.158342970232873,0.453311697429752,0.216912272958902,0.118013118330828,0.399321480831669,0.0491422341480334,-0.0688329293682319,-0.0361756883232428,0.402249070410539,-0.013688510195705,0.187099722509715
1007,"DEG_841",-74.338472,3.947889,3357,2,7.200444274158e-08,0.146706956310468,-1.12506039077403,0.0405326579015379,0.0330073735612698,-0.338268761181962,0.0205854530470605,-0.0322935715037578,-0.0395381302584325,-0.108131062026295,-0.0495872141505889,0.0462330677313156,0.293881234942478
1008,"DEG_832",-74.427972,3.787222,3555,2,3.41025642169868e-08,-1.53008595669229,0.178454838023721,0.437457691405455,0.280890874992493,-0.0258815952590459,0.678142169015813,-0.0676275577983957,0.156646357378616,0.0451019783853939,0.0789443801107288,-0.0701751836327221,0.0237530310674384
1009,"DEG_842",-74.334556,3.947972,3399,3,7.68521881422402e-06,-1.0902076390061,0.205378941695316,0.91947638238979,0.124117754855857,0.476380290475122,-0.0722452220446602,0.00927279933446812,0.00300652125692806,0.287254054681563,0.256299189017731,-0.00274902311430474,0.106012982619409
1010,"DEG_831",-74.394278,3.901444,3541,2,0.000276252103792562,-0.442252007750258,-1.36017861176991,-0.0460648897791503,0.167848486881181,0.425164709303144,0.293583167403361,0.106182807543186,0.140889232230332,-0.0465519194077384,0.213437014411765,0.0917192333699824,0.0946045514885774
1011,"DEG_835",NA,NA,NA,2,1.33242410882417e-07,0.505042334518776,-1.42792194844003,0.387039717902018,-0.251894874537519,0.0627925268756465,0.0454134658465677,0.0989473910186306,0.133247973133522,0.0123347643175433,-0.166038048197498,0.118922808137196,0.195979048015709
1012,"DEG_834",NA,NA,NA,2,0.000376741968419303,0.340673943109087,-1.14048202838766,-0.16275943545246,-0.439735668124052,-0.10961242478999,0.524092287847432,-0.0100637254269808,-0.0844598794498327,-0.0814753412427718,0.140768708258601,0.10369590769675,0.188049118947501
1013,"DEG_846",NA,NA,NA,2,0.00125549484074561,0.211511095945368,-1.11243973329357,-0.36730304211939,-0.320745865016442,0.568285318729712,0.647312116126002,-0.0961439568482821,0.242146410248678,-0.335919497552405,-0.0881499578080289,-0.0484515283031203,0.0212612019894832
1014,"DEG_845",NA,NA,NA,5,0.00114001057212632,0.840884612757111,0.378726954965326,-0.0622828703928269,0.46086412541371,0.166831539501993,-0.0347435776773513,0.283736086247479,-0.283242693091614,-0.0547782700518408,-0.19522214182856,0.153055076445394,0.0256636838541296
1015,"DEG_855",NA,NA,NA,5,6.37144002002543e-08,1.21611113538522,-0.494447067187938,0.247960096728224,0.476521302403614,0.372175043985821,-0.638346326732798,-0.0345839261632942,0.0613281253222513,0.0209041438252166,0.164181552197271,-0.0510426056995042,0.037142324709229
1016,"DEG_856",NA,NA,NA,2,0.00235459506322344,-0.538916921009793,0.310969728819829,-0.248183540518034,-0.109197130755232,0.147284418513863,-0.140087299418344,-0.180666892452533,0.0322026246258069,-0.177440579092861,0.0911724479291894,-0.0372823202814802,0.17980172561055
1021,"YAM_1000",-74.26442,4.21965,3567,3,3.00607870975522e-05,-0.424427959866474,0.121067708996772,0.736658322074511,-0.402277335721917,0.582105788924152,-0.13169607078396,0.102712616097593,-0.329428202456743,0.166181593547335,-0.0818555094172948,0.333446842890022,-0.105275429039051
1022,"YAM_1001",-74.26418,4.2196,3567,2,9.09632227918955e-06,-0.584458916906654,-0.242279837789366,0.171298157122128,-0.365859906568189,0.0479434169784045,-0.232946817548117,0.127864554729274,-0.196870835263183,0.122836743375904,-0.0853350854726344,0.18942548126562,-0.0686793408460658
1023,"YAM_1002",-74.24388,4.21188,3731,5,9.54813608844418e-07,0.897844410355152,-0.0858441993197838,0.290399767098863,-0.146374920679879,0.177188987923088,-0.616773941175673,0.100977904597565,0.0291587738801815,-0.136152352913647,0.29928382786951,0.0019813498295005,0.0449036033586893
1024,"YAM_1003",-74.26544,4.1981,3845,3,0.000188990631632358,-1.00632121233655,0.458289195552468,0.568374674530418,0.0918191706664796,0.178640941089298,-0.525818664908762,-0.384591300171446,-0.0266305277264146,-0.0823495343446338,-0.0638233280627909,0.0358893109016524,-0.0931232626124661
1025,"YAM_1004",-74.26494,4.19832,3834,3,0.000461470281755472,-0.217336118506301,0.238013157726461,0.570317601916282,-0.0478785939332226,-0.214085863778023,-0.392951307073087,-0.419045291430013,-0.286595064173143,0.0969242163861653,-0.259802918277208,0.0575368805754804,0.174285572705346
1026,"YAM_1005",-74.26464,4.19832,3825,5,0.000341998118081888,1.73461894921186,-0.0505622502649932,0.0614944459704168,-0.291822744670268,0.174404663441958,-0.368043159951194,-0.0085717573393398,0.0819070874246938,-0.0154925905301144,-0.0422914896652788,0.0426890976434288,0.0112325842414019
1027,"YAM_1006",-74.26357,4.19857,3821,5,5.66973135107673e-11,1.78717471927375,-0.161328783809986,0.090448654084221,0.0266957499701917,0.0585774381165035,-0.407311957499865,0.457207350039277,0.443628485821847,0.124701859033961,0.0317491643036956,-0.271702806001777,-0.127978986134575
1028,"YAM_1007",-74.26357,4.19875,3821,5,0.000120190914568163,2.18532478125922,0.256434965331542,-0.430130653011126,0.0795113596323584,0.0424086505456338,-0.383961397332917,0.200615272122524,0.0497345574746705,0.00581703205097429,-0.286177835050044,-0.0299029729711891,-0.0959771433622837
1029,"YAM_1008",-74.26329,4.19837,3816,5,4.67544003512899e-10,1.8070621806329,-0.132320733230035,-0.0184058839920741,-0.0587820807619185,0.302336991806028,-0.555081377547675,0.146212732454598,0.244869715804415,0.0379167252559129,0.461001414704139,0.00243136895425909,-0.296896291183324
1030,"YAM_1009",-74.25594,4.19728,3759,4,0,-0.787895453277418,-0.877583550271108,-0.375190719614086,-0.395689515887603,-0.195274119360586,0.0850875679130431,0.208123635597197,0.45814100704457,0.105711199900949,0.357273622686121,0.353244057801729,-1.25072260033492
1031,"YAM_1010",-74.2621,4.19151,3750,2,1.26760379970392e-10,-0.342957188956492,-0.48955442038637,-0.883281058530703,-0.314156518983909,-0.0485106878601477,-0.271839153954814,0.0390866244872363,-0.280257974465582,0.157799494860741,0.0557307181424096,0.0572983065829928,0.183574524083422
1032,"YAM_1011",-74.26444,4.19462,3797,2,6.31756771340974e-08,0.0622265517881248,0.23200101040543,-0.344748742398359,0.130288740885029,-0.185669727313494,0.182478695673295,0.159526242047514,-0.258518506689158,0.214233626768382,-0.113758826730254,-0.0296533370318588,0.00517137062870585
1033,"YAM_1012",-74.26471,4.19482,3800,5,1.2895663726864e-06,1.34890607297138,0.227847724977487,0.0835832170716115,-0.0465481018814405,-0.259861861421246,-0.103609505598925,0.333361684697505,-0.142044108097336,0.100862867115997,0.0647292195272286,0.132456205407986,-0.333149527402698
1034,"YAM_1013",-74.26522,4.19509,3816,5,1.48552281586944e-11,1.24836937151078,0.101057313101925,-0.0327573355324998,0.192904997096477,0.0610651812854148,-0.510508169430797,0.612317609604022,0.190129054444916,-0.495239701377548,0.184581339145454,-0.205008905464243,0.0467126156976412
1035,"YAM_1014",-74.27457,4.1985,3863,3,0.0231690651928919,-0.604263904041088,0.413231988663056,0.644009676867033,-0.425227608199239,0.0382574393592876,-0.388744757529146,0.000638434121863554,0.18505077034627,0.04023487833972,-0.111496814550507,0.671182249691048,-0.0718927704787378
1036,"YAM_1015",-74.27534,4.19872,3855,5,7.33296562582808e-07,1.56571493186667,0.218426372811004,-0.160352977227131,0.0452987577236682,-0.0509171809652119,-0.520820525229433,0.146506303278722,0.10003228298904,0.0308957035438535,-0.150580869222373,-0.0296670039402024,0.0516165454008071
1037,"YAM_1016",-74.27772,4.19952,3831,3,2.88923605642477e-05,-0.549695114133822,0.806162769178325,0.379082213648571,0.123293024510188,-0.24935963865243,0.0352951384145236,0.0308406467362102,-0.230245941146601,0.0741446658062285,-0.046274839339971,0.410342046145388,0.137011384618548
1038,"YAM_1017",-74.27831,4.20296,3739,2,0.0138116650127016,-0.574075707064667,0.0982100597165,-0.0328730178595216,-0.494999825381014,-0.0373995371900994,-0.381644002172672,-0.00970120246800008,-0.0474092642152621,0.165006114459293,0.0250533892159358,0.154908618757285,-0.184628001074768
1039,"YAM_1018",-74.2795,4.20709,3703,2,0.481650208876497,-0.811047483695144,-0.193140710478661,0.448106206903442,-0.598671633858736,0.0305264504099345,0.0616562958514466,0.0209795164429247,0.0874216485223533,0.461661133101329,-0.210930524196772,0.0816337551218778,-0.182588492869952
1040,"YAM_1019",-74.28069,4.21262,3595,5,1.44356107512067e-07,2.03451209702423,-0.250880229534943,-0.0855794069043839,-0.0067356650387929,0.246835148785491,-0.542825131683993,-0.0187604633680679,-0.0873713550529558,-0.1448120646267,0.0310564384002993,0.0477925842285384,-0.0497129155333966
1041,"YAM_1020",-74.28062,4.21227,3595,4,0.0290593839012917,-0.659647541294171,-0.165988394425012,-0.239893836671977,-0.688468536602766,-0.111930836564321,-0.122979540938406,0.218247792142629,0.0641504790360671,0.140212933767334,-0.127299224311724,0.467842276225692,0.126833752227755
1042,"YAM_1021",-74.28032,4.21293,3629,5,0.000163937283441329,2.19134341257291,0.24433634236101,-0.442017523244543,0.0673237692267932,0.0424937679570481,-0.406742946112135,0.202049596319998,-0.145710590897593,-0.00747771064286857,-0.208640709078887,0.0209514733635129,-0.0615419446845516
1043,"YAM_1022",-74.28049,4.21318,3627,4,0.00234739544330287,-1.1409889380065,0.284875721400466,-0.186911693585776,0.508352130720808,0.361462291838064,-0.129261749893898,0.318391643894018,0.459213855133251,0.257889947871495,-0.00901996234213452,0.320859176083606,0.00760824201737448
1044,"YAM_1023",-74.28062,4.21332,3626,3,0.000628555043231671,-0.579207926107787,-0.071266049318708,0.796338152945011,0.0890864384712192,-0.0339183116674653,-0.56243890864477,-0.184719109839109,-0.364207875800205,0.0904919600557512,-0.0203103404179027,0.0337737930788597,0.0492999201254825
1045,"YAM_1024",-74.28178,4.21345,3619,5,2.46332255704473e-08,1.35744266163935,-0.311092703005781,0.107546390806077,0.614387034452732,0.0334754513679436,-0.511654372295213,-0.160894546234679,-0.136745707715137,-0.0202332653787312,0.168220012190218,0.159610305576452,0.144367346786388
1046,"YAM_1025",-74.28189,4.21368,3618,5,7.29960102341387e-06,1.18665124591688,-0.0707690553586432,0.017592885895792,0.620836852450548,0.212153567576159,-0.283907007642719,0.0821390198007709,-0.0296977118184052,-0.0729769147521253,0.0857797944622582,0.206752116411463,-0.230635489346176
1047,"YAM_1026",-74.28294,4.21486,3610,5,6.96470970340535e-07,1.24181747395279,-0.0142774762214324,0.0738020896333627,0.0900348326564627,0.161692563591198,-0.467754231371457,0.0483757902143583,-0.130100491908167,0.127558319357242,-0.114149094228076,0.163087647910343,0.173323636870989
1048,"YAM_1027",-74.2831,4.21655,3602,2,2.65316331458099e-05,-0.605033795855183,0.111744931565337,-0.0281873542548457,-0.139143760101899,-0.337706513876737,-0.238813600316966,-0.281194422907665,-0.428798072010205,0.175209940354397,0.0516938628665996,-0.05896903623993,0.107560521581857
1049,"YAM_1028",-74.28839,4.21587,3576,3,4.51786147085409e-05,-0.39401315455055,-0.0774132896458695,0.994878686123823,-0.247845917614787,0.164614025661545,0.0711707947493013,-0.0943755523968279,-0.234877025572251,0.0897869857582549,-0.221579100043225,-0.0239962843200753,0.0200226359422596
1050,"YAM_1029",-74.28785,4.21489,3578,3,3.19761206708513e-05,-0.920785954859562,-0.0516165527141608,1.08745107276245,-0.578666326351065,0.206655196363092,-0.520056462871417,-0.113661636337558,-0.0751058214962314,0.153721950986097,0.0705689279984212,0.239003406120274,-0.00646769497923493
1051,"YAM_1030",-74.28809,4.21471,3574,3,4.71218379749505e-06,-0.769677066627435,0.503275755651097,0.696720390253525,-0.390833047753016,0.570827262743556,-0.0350621915367655,0.398139253915185,0.261148172966252,0.0370061969205061,0.109575680637355,0.14657374623993,-0.0294848651688214
1052,"YAM_1031",-74.28846,4.21456,3570,4,0.002818392251841,-0.807128281651039,0.0246134515429822,0.929937787892199,-0.0757728743872167,0.253195111304486,-0.314464113693064,0.280361978879835,0.478760609148893,-0.070904772157555,0.310670835175328,0.190285680017978,-0.444546764415153
1053,"YAM_1032",-74.28726,4.21245,3591,5,1.72186709335165e-10,1.3647896955087,-0.168375004726033,-0.031731623327845,0.387088090239034,0.233561300514362,-0.586797891740661,0.17364964277642,-0.496345067869492,-0.0935173663358359,0.251705438039888,-0.0153202922037822,0.0262532129017153
1054,"YAM_1033",-74.28862,4.21245,3573,3,0.000527662634932091,-0.553921368626231,-0.282379960334578,1.05135589578233,0.709520408414319,-0.253566202228182,0.015385455472697,0.612419069461095,-0.125806172259554,0.12407899668704,0.425332313758964,-0.224171828476791,0.282402208964892
1055,"YAM_1034",-74.28887,4.21309,3570,3,0.000383065698042695,-0.416874144116537,0.029182296640117,0.985208690027875,-0.28596360285881,0.0541915365115277,0.188708339031584,0.455675259155559,0.161200405187673,-0.199536093093749,0.0855093138252083,0.427434141937178,-0.0791054987309093
1056,"YAM_1035",-74.28966,4.21156,3584,3,4.20542115097122e-05,-0.764598558420954,0.254464787772127,0.755083367008563,-0.356917293469596,0.222957792681472,-0.502730076558038,0.0444131637936568,-0.0533002994017742,0.166024289229457,-0.280682544505382,0.0325361747286903,0.211047677954223
1057,"YAM_1036",-74.28923,4.21088,3588,3,0.000160332543680863,-0.480986112001684,0.50346774060177,0.738865723196177,-0.224047697390124,-0.0374642040349002,0.141637490160588,0.532863442432048,0.214052097546185,0.280787537350465,-0.112111550436286,-0.019579396812261,0.174015374265238
1058,"YAM_1037",-74.28845,4.21697,3567,3,5.35666452640138e-05,-0.808919159005865,-0.338540579082105,1.05783052676375,0.227903964769002,0.595725888867312,-0.186778446166918,-0.00571376835834923,-0.114204085439341,0.239495932401665,-0.19577150518997,-0.0583229814004613,-0.026275482457233
1059,"YAM_1038",-74.28841,4.21407,3578,3,6.07304388834384e-05,-0.632085435908459,-0.275668355089753,1.12303880606712,-0.234447849466689,0.270040134889537,-0.159385199814721,-0.0269476516228319,-0.215361795982696,0.125363950005884,-0.220049944743734,-0.0122520701839248,-0.0998053222433029
1060,"YAM_1039",-74.29214,4.21096,3574,3,2.10875111766873e-05,-0.617425344767155,-0.0367431996931427,0.944250531124245,-0.00725767110263371,0.309201142888558,-0.0279809896728321,-0.0309130684528786,-0.18513143770756,0.279177548486363,-0.139544972887429,0.0729020571589057,0.0486213005983284
1061,"YAM_1040",-74.29253,4.21098,3576,3,0.000151138931543171,-0.261168200062783,-0.177550422471657,0.935179063068079,-0.16456850484053,0.0352234909388782,-0.17097242746943,0.00564562961082788,-0.152933887599992,0.037500217064354,-0.308328374456385,-0.0952788601351776,-0.0199575075749679
1062,"YAM_1041",-74.29253,4.21098,3576,3,0.000652145601373721,-0.285522170526713,0.256316505879475,0.827962256298016,-0.301209544279126,-0.00718232409328673,0.263973005846139,0.628822754341853,0.171096376499111,0.0907436365480569,-0.1874132187894,0.239377939648825,-0.196884356917874
1063,"YAM_1042",-74.29517,4.21009,3560,4,4.21460355504166e-09,-0.463525929396935,-0.432863361137624,1.3183382277444,-0.302576908100468,0.155378791528477,-0.288065240002264,-0.291353025476022,0.384241386296554,0.531061922023054,-0.0936195346596223,-1.00190947997581,-0.593238301491136
